-- phpMyAdmin SQL Dump
-- version 4.8.3
-- https://www.phpmyadmin.net/
--
-- Servidor: localhost:3306
-- Tiempo de generación: 05-08-2019 a las 12:20:31
-- Versión del servidor: 10.1.40-MariaDB-cll-lve
-- Versión de PHP: 7.2.7

SET SQL_MODE = "NO_AUTO_VALUE_ON_ZERO";
SET AUTOCOMMIT = 0;
START TRANSACTION;
SET time_zone = "+00:00";


/*!40101 SET @OLD_CHARACTER_SET_CLIENT=@@CHARACTER_SET_CLIENT */;
/*!40101 SET @OLD_CHARACTER_SET_RESULTS=@@CHARACTER_SET_RESULTS */;
/*!40101 SET @OLD_COLLATION_CONNECTION=@@COLLATION_CONNECTION */;
/*!40101 SET NAMES utf8mb4 */;

--
-- Base de datos: `ventas_repuestos`
--

-- --------------------------------------------------------

--
-- Estructura de tabla para la tabla `ajustes`
--

CREATE TABLE `ajustes` (
  `id` int(11) NOT NULL,
  `sucursal_id` int(11) DEFAULT NULL,
  `bodega_id` int(11) DEFAULT NULL,
  `usuario_id` int(11) DEFAULT NULL,
  `fecha` datetime DEFAULT NULL
) ENGINE=InnoDB DEFAULT CHARSET=utf8;

--
-- Volcado de datos para la tabla `ajustes`
--

INSERT INTO `ajustes` (`id`, `sucursal_id`, `bodega_id`, `usuario_id`, `fecha`) VALUES
(3, 1, 2, 1, '2019-07-04 22:13:40'),
(4, 1, 2, 1, '2019-07-05 06:54:54'),
(5, 1, 2, 4, '2019-07-14 11:56:33'),
(6, 1, 1, 4, '2019-07-14 11:56:52'),
(7, 1, 1, 5, '2019-07-21 08:13:54'),
(8, 1, 1, 4, '2019-07-21 09:52:02'),
(9, 1, 1, 5, '2019-07-22 08:58:34'),
(10, 1, 1, 5, '2019-07-22 09:09:18'),
(11, 1, 1, 5, '2019-07-22 09:21:27'),
(12, 1, 1, 5, '2019-07-22 09:29:27'),
(13, 1, 1, 5, '2019-07-22 09:36:09'),
(14, 1, 1, 5, '2019-07-22 09:44:05'),
(15, 1, 1, 5, '2019-07-23 07:46:12'),
(16, 1, 1, 5, '2019-07-23 07:53:53'),
(17, 1, 1, 5, '2019-07-24 10:48:15'),
(18, 1, 1, 5, '2019-07-26 11:00:41'),
(19, 1, 1, 5, '2019-07-29 07:46:33'),
(20, 1, 1, 5, '2019-07-31 10:09:31'),
(21, 1, 1, 5, '2019-08-01 09:44:27'),
(22, 1, 1, 4, '2019-08-01 09:50:23'),
(23, 1, 1, 5, '2019-08-01 09:51:25');

-- --------------------------------------------------------

--
-- Estructura de tabla para la tabla `ajustes_productos`
--

CREATE TABLE `ajustes_productos` (
  `id` int(11) NOT NULL,
  `ajuste_id` int(11) DEFAULT NULL,
  `producto_id` int(11) DEFAULT NULL,
  `stock_bd` int(11) DEFAULT NULL,
  `stock_fisico` int(11) DEFAULT NULL,
  `diferencia_stock` int(11) DEFAULT NULL
) ENGINE=InnoDB DEFAULT CHARSET=utf8;

--
-- Volcado de datos para la tabla `ajustes_productos`
--

INSERT INTO `ajustes_productos` (`id`, `ajuste_id`, `producto_id`, `stock_bd`, `stock_fisico`, `diferencia_stock`) VALUES
(1, 3, 1, 0, 0, 0),
(2, 3, 2, 11, 8, -3),
(3, 4, 1, 0, 0, 0),
(4, 4, 2, 8, 10, 2),
(5, 5, 1, 13, 13, 0),
(6, 5, 2, -1, 1, 2),
(7, 6, 1, 1, 5, 4),
(8, 6, 2, 10, 10, 0),
(9, 6, 4, 4, 4, 0),
(10, 7, 1, 10, 5, -5),
(11, 7, 2, 14, 4, -10),
(12, 7, 4, 7, 3, -4),
(13, 7, 3, 5, 5, 0),
(14, 7, 5, 3, 3, 0),
(15, 7, 6, 2, 2, 0),
(16, 7, 7, 1, 1, 0),
(17, 7, 8, 1, 1, 0),
(18, 7, 9, 1, 1, 0),
(19, 7, 10, 19, 19, 0),
(20, 7, 11, 1, 1, 0),
(21, 7, 12, 2, 2, 0),
(22, 7, 13, 0, 0, 0),
(23, 7, 14, 0, 0, 0),
(24, 7, 15, 0, 0, 0),
(25, 7, 16, 0, 0, 0),
(26, 7, 17, 0, 0, 0),
(27, 7, 18, 0, 0, 0),
(28, 7, 19, 0, 0, 0),
(29, 7, 20, 0, 0, 0),
(30, 7, 21, 0, 0, 0),
(31, 7, 22, 0, 0, 0),
(32, 7, 23, 0, 0, 0),
(33, 7, 24, 0, 0, 0),
(34, 7, 25, 0, 0, 0),
(35, 7, 26, 0, 0, 0),
(36, 7, 27, 0, 0, 0),
(37, 7, 28, 0, 0, 0),
(38, 7, 29, 0, 0, 0),
(39, 7, 30, 0, 0, 0),
(40, 7, 31, 0, 0, 0),
(41, 7, 32, 0, 0, 0),
(42, 7, 33, 0, 0, 0),
(43, 7, 34, 0, 0, 0),
(44, 7, 35, 0, 0, 0),
(45, 7, 36, 0, 0, 0),
(46, 7, 37, 0, 0, 0),
(47, 7, 38, 0, 0, 0),
(48, 7, 39, 0, 0, 0),
(49, 7, 40, 0, 0, 0),
(50, 7, 41, 0, 0, 0),
(51, 7, 42, 0, 0, 0),
(52, 7, 43, 0, 0, 0),
(53, 7, 44, 0, 0, 0),
(54, 7, 45, 0, 0, 0),
(55, 7, 46, 0, 0, 0),
(56, 7, 47, 0, 0, 0),
(57, 7, 48, 0, 0, 0),
(58, 7, 49, 0, 0, 0),
(59, 7, 50, 0, 0, 0),
(60, 7, 51, 0, 0, 0),
(61, 7, 52, 0, 0, 0),
(62, 7, 53, 0, 0, 0),
(63, 7, 54, 0, 0, 0),
(64, 7, 55, 0, 0, 0),
(65, 7, 56, 0, 0, 0),
(66, 7, 57, 0, 0, 0),
(67, 7, 58, 0, 0, 0),
(68, 7, 59, 0, 0, 0),
(69, 7, 60, 0, 0, 0),
(70, 7, 61, 0, 0, 0),
(71, 7, 62, 0, 0, 0),
(72, 7, 63, 0, 0, 0),
(73, 7, 64, 0, 0, 0),
(74, 7, 65, 0, 0, 0),
(75, 7, 66, 0, 0, 0),
(76, 7, 67, 0, 0, 0),
(77, 7, 68, 0, 0, 0),
(78, 7, 69, 0, 0, 0),
(79, 7, 70, 0, 0, 0),
(80, 7, 71, 0, 0, 0),
(81, 7, 72, 0, 0, 0),
(82, 7, 73, 0, 0, 0),
(83, 7, 74, 0, 0, 0),
(84, 7, 75, 0, 0, 0),
(85, 7, 76, 0, 0, 0),
(86, 7, 77, 0, 0, 0),
(87, 7, 78, 0, 0, 0),
(88, 7, 79, 0, 0, 0),
(89, 7, 80, 0, 0, 0),
(90, 7, 81, 0, 0, 0),
(91, 7, 82, 0, 0, 0),
(92, 7, 83, 0, 0, 0),
(93, 7, 84, 0, 0, 0),
(94, 7, 85, 0, 0, 0),
(95, 7, 86, 0, 0, 0),
(96, 7, 87, 0, 0, 0),
(97, 7, 88, 0, 0, 0),
(98, 7, 89, 0, 0, 0),
(99, 7, 90, 0, 0, 0),
(100, 7, 91, 0, 0, 0),
(101, 7, 92, 0, 0, 0),
(102, 7, 93, 0, 0, 0),
(103, 7, 94, 0, 0, 0),
(104, 7, 95, 0, 0, 0),
(105, 7, 96, 0, 0, 0),
(106, 7, 97, 0, 0, 0),
(107, 7, 98, 0, 0, 0),
(108, 7, 99, 0, 0, 0),
(109, 7, 100, 0, 0, 0),
(110, 7, 101, 0, 0, 0),
(111, 7, 102, 0, 0, 0),
(112, 7, 103, 0, 0, 0),
(113, 7, 104, 0, 0, 0),
(114, 7, 105, 0, 0, 0),
(115, 7, 106, 0, 0, 0),
(116, 7, 107, 0, 0, 0),
(117, 7, 108, 0, 0, 0),
(118, 7, 109, 0, 0, 0),
(119, 7, 110, 0, 0, 0),
(120, 7, 111, 0, 0, 0),
(121, 7, 112, 0, 0, 0),
(122, 7, 113, 0, 0, 0),
(123, 7, 114, 0, 0, 0),
(124, 7, 115, 0, 0, 0),
(125, 7, 116, 0, 0, 0),
(126, 7, 117, 0, 0, 0),
(127, 7, 118, 0, 0, 0),
(128, 7, 119, 0, 0, 0),
(129, 7, 120, 0, 0, 0),
(130, 7, 121, 0, 0, 0),
(131, 7, 122, 0, 0, 0),
(132, 7, 123, 0, 0, 0),
(133, 7, 124, 0, 0, 0),
(134, 7, 125, 0, 0, 0),
(135, 7, 126, 0, 0, 0),
(136, 7, 127, 0, 0, 0),
(137, 7, 128, 0, 0, 0),
(138, 7, 129, 0, 0, 0),
(139, 7, 130, 0, 0, 0),
(140, 7, 131, 0, 0, 0),
(141, 7, 132, 0, 0, 0),
(142, 7, 133, 0, 0, 0),
(143, 7, 134, 0, 0, 0),
(144, 7, 135, 0, 0, 0),
(145, 7, 136, 0, 0, 0),
(146, 7, 137, 0, 0, 0),
(147, 7, 138, 0, 0, 0),
(148, 7, 139, 0, 0, 0),
(149, 7, 140, 0, 0, 0),
(150, 7, 141, 0, 0, 0),
(151, 7, 142, 0, 0, 0),
(152, 7, 143, 0, 0, 0),
(153, 7, 144, 0, 0, 0),
(154, 7, 145, 0, 0, 0),
(155, 7, 146, 0, 0, 0),
(156, 7, 147, 0, 0, 0),
(157, 7, 148, 0, 0, 0),
(158, 7, 149, 0, 0, 0),
(159, 7, 150, 0, 0, 0),
(160, 7, 151, 0, 0, 0),
(161, 7, 152, 0, 0, 0),
(162, 7, 153, 0, 0, 0),
(163, 7, 154, 0, 0, 0),
(164, 7, 155, 0, 0, 0),
(165, 7, 156, 0, 0, 0),
(166, 7, 157, 0, 0, 0),
(167, 7, 158, 0, 0, 0),
(168, 7, 159, 0, 0, 0),
(169, 7, 160, 0, 0, 0),
(170, 7, 161, 0, 0, 0),
(171, 7, 162, 0, 0, 0),
(172, 7, 163, 0, 0, 0),
(173, 7, 164, 0, 0, 0),
(174, 7, 165, 0, 0, 0),
(175, 7, 166, 0, 0, 0),
(176, 7, 167, 0, 0, 0),
(177, 7, 168, 0, 0, 0),
(178, 7, 169, 0, 0, 0),
(179, 7, 170, 0, 0, 0),
(180, 7, 171, 0, 0, 0),
(181, 7, 172, 0, 0, 0),
(182, 7, 173, 0, 0, 0),
(183, 7, 174, 0, 0, 0),
(184, 7, 175, 0, 0, 0),
(185, 7, 176, 0, 0, 0),
(186, 7, 177, 0, 0, 0),
(187, 7, 178, 0, 0, 0),
(188, 7, 179, 0, 0, 0),
(189, 7, 180, 0, 0, 0),
(190, 7, 181, 0, 0, 0),
(191, 7, 182, 0, 0, 0),
(192, 7, 183, 0, 0, 0),
(193, 7, 184, 0, 0, 0),
(194, 7, 185, 0, 0, 0),
(195, 7, 186, 0, 0, 0),
(196, 7, 187, 0, 0, 0),
(197, 7, 188, 0, 0, 0),
(198, 7, 189, 0, 0, 0),
(199, 7, 190, 0, 0, 0),
(200, 7, 191, 0, 0, 0),
(201, 7, 192, 0, 0, 0),
(202, 7, 193, 0, 0, 0),
(203, 7, 194, 0, 0, 0),
(204, 7, 195, 0, 0, 0),
(205, 7, 196, 0, 0, 0),
(206, 7, 197, 0, 0, 0),
(207, 7, 198, 0, 0, 0),
(208, 7, 199, 0, 0, 0),
(209, 7, 200, 0, 0, 0),
(210, 7, 201, 0, 0, 0),
(211, 7, 202, 0, 0, 0),
(212, 7, 203, 0, 0, 0),
(213, 7, 204, 0, 0, 0),
(214, 7, 205, 0, 0, 0),
(215, 7, 206, 0, 0, 0),
(216, 7, 207, 0, 0, 0),
(217, 7, 208, 0, 0, 0),
(218, 7, 209, 0, 0, 0),
(219, 7, 210, 0, 0, 0),
(220, 7, 211, 0, 0, 0),
(221, 7, 212, 0, 0, 0),
(222, 7, 213, 0, 0, 0),
(223, 7, 214, 0, 0, 0),
(224, 7, 215, 0, 0, 0),
(225, 7, 216, 0, 0, 0),
(226, 7, 217, 0, 0, 0),
(227, 7, 218, 0, 0, 0),
(228, 7, 219, 0, 0, 0),
(229, 7, 220, 0, 0, 0),
(230, 7, 221, 0, 0, 0),
(231, 7, 222, 0, 0, 0),
(232, 7, 223, 0, 0, 0),
(233, 7, 224, 0, 0, 0),
(234, 7, 225, 0, 0, 0),
(235, 7, 226, 0, 0, 0),
(236, 7, 227, 0, 0, 0),
(237, 7, 228, 0, 0, 0),
(238, 7, 229, 0, 0, 0),
(239, 7, 230, 0, 0, 0),
(240, 7, 231, 0, 0, 0),
(241, 7, 232, 0, 0, 0),
(242, 7, 233, 0, 0, 0),
(243, 7, 234, 0, 0, 0),
(244, 7, 235, 0, 0, 0),
(245, 7, 236, 0, 0, 0),
(246, 7, 237, 0, 0, 0),
(247, 7, 238, 0, 0, 0),
(248, 7, 239, 0, 0, 0),
(249, 7, 240, 0, 0, 0),
(250, 7, 241, 0, 0, 0),
(251, 7, 242, 0, 0, 0),
(252, 7, 243, 0, 0, 0),
(253, 7, 244, 0, 0, 0),
(254, 7, 245, 0, 0, 0),
(255, 7, 246, 0, 0, 0),
(256, 8, 1, 5, 5, 0),
(257, 8, 2, 4, 4, 0),
(258, 8, 4, 3, 3, 0),
(259, 8, 3, 5, 5, 0),
(260, 8, 5, 3, 3, 0),
(261, 8, 6, 2, 2, 0),
(262, 8, 7, 1, 1, 0),
(263, 8, 8, 1, 1, 0),
(264, 8, 9, 1, 1, 0),
(265, 8, 10, 19, 19, 0),
(266, 8, 11, 1, 1, 0),
(267, 8, 12, 2, 2, 0),
(268, 8, 13, 0, 1, 1),
(269, 8, 14, 0, 0, 0),
(270, 8, 15, 0, 0, 0),
(271, 8, 16, 0, 0, 0),
(272, 8, 17, 0, 0, 0),
(273, 8, 18, 0, 0, 0),
(274, 8, 19, 0, 0, 0),
(275, 8, 20, 0, 0, 0),
(276, 8, 21, 0, 0, 0),
(277, 8, 22, 0, 0, 0),
(278, 8, 23, 0, 0, 0),
(279, 8, 24, 0, 0, 0),
(280, 8, 25, 0, 0, 0),
(281, 8, 26, 0, 0, 0),
(282, 8, 27, 0, 0, 0),
(283, 8, 28, 0, 0, 0),
(284, 8, 29, 0, 0, 0),
(285, 8, 30, 0, 0, 0),
(286, 8, 31, 0, 0, 0),
(287, 8, 32, 0, 0, 0),
(288, 8, 33, 0, 0, 0),
(289, 8, 34, 0, 0, 0),
(290, 8, 35, 0, 0, 0),
(291, 8, 36, 0, 0, 0),
(292, 8, 37, 0, 0, 0),
(293, 8, 38, 0, 0, 0),
(294, 8, 39, 0, 0, 0),
(295, 8, 40, 0, 0, 0),
(296, 8, 41, 0, 0, 0),
(297, 8, 42, 0, 0, 0),
(298, 8, 43, 0, 0, 0),
(299, 8, 44, 0, 0, 0),
(300, 8, 45, 0, 0, 0),
(301, 8, 46, 0, 0, 0),
(302, 8, 47, 0, 0, 0),
(303, 8, 48, 0, 0, 0),
(304, 8, 49, 0, 0, 0),
(305, 8, 50, 0, 0, 0),
(306, 8, 51, 0, 0, 0),
(307, 8, 52, 0, 0, 0),
(308, 8, 53, 0, 0, 0),
(309, 8, 54, 0, 0, 0),
(310, 8, 55, 0, 0, 0),
(311, 8, 56, 0, 0, 0),
(312, 8, 57, 0, 0, 0),
(313, 8, 58, 0, 0, 0),
(314, 8, 59, 0, 0, 0),
(315, 8, 60, 0, 0, 0),
(316, 8, 61, 0, 0, 0),
(317, 8, 62, 0, 0, 0),
(318, 8, 63, 0, 0, 0),
(319, 8, 64, 0, 0, 0),
(320, 8, 65, 0, 0, 0),
(321, 8, 66, 0, 0, 0),
(322, 8, 67, 0, 0, 0),
(323, 8, 68, 0, 0, 0),
(324, 8, 69, 0, 0, 0),
(325, 8, 70, 0, 0, 0),
(326, 8, 71, 0, 0, 0),
(327, 8, 72, 0, 0, 0),
(328, 8, 73, 0, 0, 0),
(329, 8, 74, 0, 0, 0),
(330, 8, 75, 0, 0, 0),
(331, 8, 76, 0, 0, 0),
(332, 8, 77, 0, 0, 0),
(333, 8, 78, 0, 0, 0),
(334, 8, 79, 0, 0, 0),
(335, 8, 80, 0, 0, 0),
(336, 8, 81, 0, 0, 0),
(337, 8, 82, 0, 0, 0),
(338, 8, 83, 0, 0, 0),
(339, 8, 84, 0, 0, 0),
(340, 8, 85, 0, 0, 0),
(341, 8, 86, 0, 0, 0),
(342, 8, 87, 0, 0, 0),
(343, 8, 88, 0, 0, 0),
(344, 8, 89, 0, 0, 0),
(345, 8, 90, 0, 0, 0),
(346, 8, 91, 0, 0, 0),
(347, 8, 92, 0, 0, 0),
(348, 8, 93, 0, 0, 0),
(349, 8, 94, 0, 0, 0),
(350, 8, 95, 0, 0, 0),
(351, 8, 96, 0, 0, 0),
(352, 8, 97, 0, 0, 0),
(353, 8, 98, 0, 0, 0),
(354, 8, 99, 0, 0, 0),
(355, 8, 100, 0, 0, 0),
(356, 8, 101, 0, 0, 0),
(357, 8, 102, 0, 0, 0),
(358, 8, 103, 0, 0, 0),
(359, 8, 104, 0, 0, 0),
(360, 8, 105, 0, 0, 0),
(361, 8, 106, 0, 0, 0),
(362, 8, 107, 0, 0, 0),
(363, 8, 108, 0, 0, 0),
(364, 8, 109, 0, 0, 0),
(365, 8, 110, 0, 0, 0),
(366, 8, 111, 0, 0, 0),
(367, 8, 112, 0, 0, 0),
(368, 8, 113, 0, 0, 0),
(369, 8, 114, 0, 0, 0),
(370, 8, 115, 0, 0, 0),
(371, 8, 116, 0, 0, 0),
(372, 8, 117, 0, 0, 0),
(373, 8, 118, 0, 0, 0),
(374, 8, 119, 0, 0, 0),
(375, 8, 120, 0, 0, 0),
(376, 8, 121, 0, 0, 0),
(377, 8, 122, 0, 0, 0),
(378, 8, 123, 0, 0, 0),
(379, 8, 124, 0, 0, 0),
(380, 8, 125, 0, 0, 0),
(381, 8, 126, 0, 0, 0),
(382, 8, 127, 0, 0, 0),
(383, 8, 128, 0, 0, 0),
(384, 8, 129, 0, 0, 0),
(385, 8, 130, 0, 0, 0),
(386, 8, 131, 0, 0, 0),
(387, 8, 132, 0, 0, 0),
(388, 8, 133, 0, 0, 0),
(389, 8, 134, 0, 0, 0),
(390, 8, 135, 0, 0, 0),
(391, 8, 136, 0, 0, 0),
(392, 8, 137, 0, 0, 0),
(393, 8, 138, 0, 0, 0),
(394, 8, 139, 0, 0, 0),
(395, 8, 140, 0, 0, 0),
(396, 8, 141, 0, 0, 0),
(397, 8, 142, 0, 0, 0),
(398, 8, 143, 0, 0, 0),
(399, 8, 144, 0, 0, 0),
(400, 8, 145, 0, 0, 0),
(401, 8, 146, 0, 0, 0),
(402, 8, 147, 0, 0, 0),
(403, 8, 148, 0, 0, 0),
(404, 8, 149, 0, 0, 0),
(405, 8, 150, 0, 0, 0),
(406, 8, 151, 0, 0, 0),
(407, 8, 152, 0, 0, 0),
(408, 8, 153, 0, 0, 0),
(409, 8, 154, 0, 0, 0),
(410, 8, 155, 0, 0, 0),
(411, 8, 156, 0, 0, 0),
(412, 8, 157, 0, 0, 0),
(413, 8, 158, 0, 0, 0),
(414, 8, 159, 0, 0, 0),
(415, 8, 160, 0, 0, 0),
(416, 8, 161, 0, 0, 0),
(417, 8, 162, 0, 0, 0),
(418, 8, 163, 0, 0, 0),
(419, 8, 164, 0, 0, 0),
(420, 8, 165, 0, 0, 0),
(421, 8, 166, 0, 0, 0),
(422, 8, 167, 0, 0, 0),
(423, 8, 168, 0, 0, 0),
(424, 8, 169, 0, 0, 0),
(425, 8, 170, 0, 0, 0),
(426, 8, 171, 0, 0, 0),
(427, 8, 172, 0, 0, 0),
(428, 8, 173, 0, 0, 0),
(429, 8, 174, 0, 0, 0),
(430, 8, 175, 0, 0, 0),
(431, 8, 176, 0, 0, 0),
(432, 8, 177, 0, 0, 0),
(433, 8, 178, 0, 0, 0),
(434, 8, 179, 0, 0, 0),
(435, 8, 180, 0, 0, 0),
(436, 8, 181, 0, 0, 0),
(437, 8, 182, 0, 0, 0),
(438, 8, 183, 0, 0, 0),
(439, 8, 184, 0, 0, 0),
(440, 8, 185, 0, 0, 0),
(441, 8, 186, 0, 0, 0),
(442, 8, 187, 0, 0, 0),
(443, 8, 188, 0, 0, 0),
(444, 8, 189, 0, 0, 0),
(445, 8, 190, 0, 0, 0),
(446, 8, 191, 0, 0, 0),
(447, 8, 192, 0, 0, 0),
(448, 8, 193, 0, 0, 0),
(449, 8, 194, 0, 0, 0),
(450, 8, 195, 0, 0, 0),
(451, 8, 196, 0, 0, 0),
(452, 8, 197, 0, 0, 0),
(453, 8, 198, 0, 0, 0),
(454, 8, 199, 0, 0, 0),
(455, 8, 200, 0, 0, 0),
(456, 8, 201, 0, 0, 0),
(457, 8, 202, 0, 0, 0),
(458, 8, 203, 0, 0, 0),
(459, 8, 204, 0, 0, 0),
(460, 8, 205, 0, 0, 0),
(461, 8, 206, 0, 0, 0),
(462, 8, 207, 0, 0, 0),
(463, 8, 208, 0, 0, 0),
(464, 8, 209, 0, 0, 0),
(465, 8, 210, 0, 0, 0),
(466, 8, 211, 0, 0, 0),
(467, 8, 212, 0, 0, 0),
(468, 8, 213, 0, 0, 0),
(469, 8, 214, 0, 0, 0),
(470, 8, 215, 0, 0, 0),
(471, 8, 216, 0, 0, 0),
(472, 8, 217, 0, 0, 0),
(473, 8, 218, 0, 0, 0),
(474, 8, 219, 0, 0, 0),
(475, 8, 220, 0, 0, 0),
(476, 8, 221, 0, 0, 0),
(477, 8, 222, 0, 0, 0),
(478, 8, 223, 0, 0, 0),
(479, 8, 224, 0, 0, 0),
(480, 8, 225, 0, 0, 0),
(481, 8, 226, 0, 0, 0),
(482, 8, 227, 0, 0, 0),
(483, 8, 228, 0, 0, 0),
(484, 8, 229, 0, 0, 0),
(485, 8, 230, 0, 0, 0),
(486, 8, 231, 0, 0, 0),
(487, 8, 232, 0, 0, 0),
(488, 8, 233, 0, 0, 0),
(489, 8, 234, 0, 0, 0),
(490, 8, 235, 0, 0, 0),
(491, 8, 236, 0, 0, 0),
(492, 8, 237, 0, 0, 0),
(493, 8, 238, 0, 0, 0),
(494, 8, 239, 0, 0, 0),
(495, 8, 240, 0, 0, 0),
(496, 8, 241, 0, 0, 0),
(497, 8, 242, 0, 0, 0),
(498, 8, 243, 0, 0, 0),
(499, 8, 244, 0, 0, 0),
(500, 8, 245, 0, 0, 0),
(501, 8, 246, 0, 0, 0),
(502, 9, 1, 5, 5, 0),
(503, 9, 2, 4, 4, 0),
(504, 9, 4, 3, 3, 0),
(505, 9, 3, 5, 5, 0),
(506, 9, 5, 3, 3, 0),
(507, 9, 6, 2, 2, 0),
(508, 9, 7, 1, 1, 0),
(509, 9, 8, 1, 1, 0),
(510, 9, 9, 1, 1, 0),
(511, 9, 10, 19, 19, 0),
(512, 9, 11, 1, 1, 0),
(513, 9, 12, 2, 2, 0),
(514, 9, 13, 1, 1, 0),
(515, 9, 14, 0, 1, 1),
(516, 9, 15, 0, 6, 6),
(517, 9, 16, 0, 8, 8),
(518, 9, 17, 0, 1, 1),
(519, 9, 18, 0, 1, 1),
(520, 9, 19, 0, 1, 1),
(521, 9, 20, 0, 1, 1),
(522, 9, 21, 0, 2, 2),
(523, 9, 22, 0, 1, 1),
(524, 9, 23, 0, 1, 1),
(525, 9, 24, 0, 1, 1),
(526, 9, 25, 0, 1, 1),
(527, 9, 26, 0, 1, 1),
(528, 9, 27, 0, 3, 3),
(529, 9, 28, 0, 2, 2),
(530, 9, 29, 0, 3, 3),
(531, 9, 30, 0, 3, 3),
(532, 9, 31, 0, 1, 1),
(533, 9, 32, 0, 2, 2),
(534, 9, 33, 0, 1, 1),
(535, 9, 34, 0, 1, 1),
(536, 9, 35, 0, 1, 1),
(537, 9, 36, 0, 2, 2),
(538, 9, 37, 0, 2, 2),
(539, 9, 38, 0, 1, 1),
(540, 9, 39, 0, 2, 2),
(541, 9, 40, 0, 2, 2),
(542, 9, 41, 0, 1, 1),
(543, 9, 42, 0, 2, 2),
(544, 9, 43, 0, 1, 1),
(545, 9, 44, 0, 1, 1),
(546, 9, 45, 0, 1, 1),
(547, 9, 46, 0, 1, 1),
(548, 9, 47, 0, 1, 1),
(549, 9, 48, 0, 1, 1),
(550, 9, 49, 0, 1, 1),
(551, 9, 50, 0, 1, 1),
(552, 9, 51, 0, 1, 1),
(553, 9, 52, 0, 1, 1),
(554, 9, 53, 0, 1, 1),
(555, 9, 54, 0, 1, 1),
(556, 9, 55, 0, 1, 1),
(557, 9, 56, 0, 1, 1),
(558, 9, 57, 0, 1, 1),
(559, 9, 58, 0, 1, 1),
(560, 9, 59, 0, 1, 1),
(561, 9, 60, 0, 1, 1),
(562, 9, 61, 0, 1, 1),
(563, 9, 62, 0, 0, 0),
(564, 9, 63, 0, 0, 0),
(565, 9, 64, 0, 0, 0),
(566, 9, 65, 0, 0, 0),
(567, 9, 66, 0, 0, 0),
(568, 9, 67, 0, 0, 0),
(569, 9, 68, 0, 0, 0),
(570, 9, 69, 0, 0, 0),
(571, 9, 70, 0, 0, 0),
(572, 9, 71, 0, 0, 0),
(573, 9, 72, 0, 0, 0),
(574, 9, 73, 0, 0, 0),
(575, 9, 74, 0, 0, 0),
(576, 9, 75, 0, 0, 0),
(577, 9, 76, 0, 0, 0),
(578, 9, 77, 0, 0, 0),
(579, 9, 78, 0, 0, 0),
(580, 9, 79, 0, 0, 0),
(581, 9, 80, 0, 0, 0),
(582, 9, 81, 0, 0, 0),
(583, 9, 82, 0, 0, 0),
(584, 9, 83, 0, 0, 0),
(585, 9, 84, 0, 0, 0),
(586, 9, 85, 0, 0, 0),
(587, 9, 86, 0, 0, 0),
(588, 9, 87, 0, 0, 0),
(589, 9, 88, 0, 0, 0),
(590, 9, 89, 0, 0, 0),
(591, 9, 90, 0, 0, 0),
(592, 9, 91, 0, 0, 0),
(593, 9, 92, 0, 0, 0),
(594, 9, 93, 0, 0, 0),
(595, 9, 94, 0, 0, 0),
(596, 9, 95, 0, 0, 0),
(597, 9, 96, 0, 0, 0),
(598, 9, 97, 0, 0, 0),
(599, 9, 98, 0, 0, 0),
(600, 9, 99, 0, 0, 0),
(601, 9, 100, 0, 0, 0),
(602, 9, 101, 0, 0, 0),
(603, 9, 102, 0, 0, 0),
(604, 9, 103, 0, 0, 0),
(605, 9, 104, 0, 0, 0),
(606, 9, 105, 0, 0, 0),
(607, 9, 106, 0, 0, 0),
(608, 9, 107, 0, 0, 0),
(609, 9, 108, 0, 0, 0),
(610, 9, 109, 0, 0, 0),
(611, 9, 110, 0, 0, 0),
(612, 9, 111, 0, 0, 0),
(613, 9, 112, 0, 0, 0),
(614, 9, 113, 0, 0, 0),
(615, 9, 114, 0, 0, 0),
(616, 9, 115, 0, 0, 0),
(617, 9, 116, 0, 0, 0),
(618, 9, 117, 0, 0, 0),
(619, 9, 118, 0, 0, 0),
(620, 9, 119, 0, 0, 0),
(621, 9, 120, 0, 0, 0),
(622, 9, 121, 0, 0, 0),
(623, 9, 122, 0, 0, 0),
(624, 9, 123, 0, 0, 0),
(625, 9, 124, 0, 0, 0),
(626, 9, 125, 0, 0, 0),
(627, 9, 126, 0, 0, 0),
(628, 9, 127, 0, 0, 0),
(629, 9, 128, 0, 0, 0),
(630, 9, 129, 0, 0, 0),
(631, 9, 130, 0, 0, 0),
(632, 9, 131, 0, 0, 0),
(633, 9, 132, 0, 0, 0),
(634, 9, 133, 0, 0, 0),
(635, 9, 134, 0, 0, 0),
(636, 9, 135, 0, 0, 0),
(637, 9, 136, 0, 0, 0),
(638, 9, 137, 0, 0, 0),
(639, 9, 138, 0, 0, 0),
(640, 9, 139, 0, 0, 0),
(641, 9, 140, 0, 0, 0),
(642, 9, 141, 0, 0, 0),
(643, 9, 142, 0, 0, 0),
(644, 9, 143, 0, 0, 0),
(645, 9, 144, 0, 0, 0),
(646, 9, 145, 0, 0, 0),
(647, 9, 146, 0, 0, 0),
(648, 9, 147, 0, 0, 0),
(649, 9, 148, 0, 0, 0),
(650, 9, 149, 0, 0, 0),
(651, 9, 150, 0, 0, 0),
(652, 9, 151, 0, 0, 0),
(653, 9, 152, 0, 0, 0),
(654, 9, 153, 0, 0, 0),
(655, 9, 154, 0, 0, 0),
(656, 9, 155, 0, 0, 0),
(657, 9, 156, 0, 0, 0),
(658, 9, 157, 0, 0, 0),
(659, 9, 158, 0, 0, 0),
(660, 9, 159, 0, 0, 0),
(661, 9, 160, 0, 0, 0),
(662, 9, 161, 0, 0, 0),
(663, 9, 162, 0, 0, 0),
(664, 9, 163, 0, 0, 0),
(665, 9, 164, 0, 0, 0),
(666, 9, 165, 0, 0, 0),
(667, 9, 166, 0, 0, 0),
(668, 9, 167, 0, 0, 0),
(669, 9, 168, 0, 0, 0),
(670, 9, 169, 0, 0, 0),
(671, 9, 170, 0, 0, 0),
(672, 9, 171, 0, 0, 0),
(673, 9, 172, 0, 0, 0),
(674, 9, 173, 0, 0, 0),
(675, 9, 174, 0, 0, 0),
(676, 9, 175, 0, 0, 0),
(677, 9, 176, 0, 0, 0),
(678, 9, 177, 0, 0, 0),
(679, 9, 178, 0, 0, 0),
(680, 9, 179, 0, 0, 0),
(681, 9, 180, 0, 0, 0),
(682, 9, 181, 0, 0, 0),
(683, 9, 182, 0, 0, 0),
(684, 9, 183, 0, 0, 0),
(685, 9, 184, 0, 0, 0),
(686, 9, 185, 0, 0, 0),
(687, 9, 186, 0, 0, 0),
(688, 9, 187, 0, 0, 0),
(689, 9, 188, 0, 0, 0),
(690, 9, 189, 0, 0, 0),
(691, 9, 190, 0, 0, 0),
(692, 9, 191, 0, 0, 0),
(693, 9, 192, 0, 0, 0),
(694, 9, 193, 0, 0, 0),
(695, 9, 194, 0, 0, 0),
(696, 9, 195, 0, 0, 0),
(697, 9, 196, 0, 0, 0),
(698, 9, 197, 0, 0, 0),
(699, 9, 198, 0, 0, 0),
(700, 9, 199, 0, 0, 0),
(701, 9, 200, 0, 0, 0),
(702, 9, 201, 0, 0, 0),
(703, 9, 202, 0, 0, 0),
(704, 9, 203, 0, 0, 0),
(705, 9, 204, 0, 0, 0),
(706, 9, 205, 0, 0, 0),
(707, 9, 206, 0, 0, 0),
(708, 9, 207, 0, 0, 0),
(709, 9, 208, 0, 0, 0),
(710, 9, 209, 0, 0, 0),
(711, 9, 210, 0, 0, 0),
(712, 9, 211, 0, 0, 0),
(713, 9, 212, 0, 0, 0),
(714, 9, 213, 0, 0, 0),
(715, 9, 214, 0, 0, 0),
(716, 9, 215, 0, 0, 0),
(717, 9, 216, 0, 0, 0),
(718, 9, 217, 0, 0, 0),
(719, 9, 218, 0, 0, 0),
(720, 9, 219, 0, 0, 0),
(721, 9, 220, 0, 0, 0),
(722, 9, 221, 0, 0, 0),
(723, 9, 222, 0, 0, 0),
(724, 9, 223, 0, 0, 0),
(725, 9, 224, 0, 0, 0),
(726, 9, 225, 0, 0, 0),
(727, 9, 226, 0, 0, 0),
(728, 9, 227, 0, 0, 0),
(729, 9, 228, 0, 0, 0),
(730, 9, 229, 0, 0, 0),
(731, 9, 230, 0, 0, 0),
(732, 9, 231, 0, 0, 0),
(733, 9, 232, 0, 0, 0),
(734, 9, 233, 0, 0, 0),
(735, 9, 234, 0, 0, 0),
(736, 9, 235, 0, 0, 0),
(737, 9, 236, 0, 0, 0),
(738, 9, 237, 0, 0, 0),
(739, 9, 238, 0, 0, 0),
(740, 9, 239, 0, 0, 0),
(741, 9, 240, 0, 0, 0),
(742, 9, 241, 0, 0, 0),
(743, 9, 242, 0, 0, 0),
(744, 9, 243, 0, 0, 0),
(745, 9, 244, 0, 0, 0),
(746, 9, 245, 0, 0, 0),
(747, 9, 246, 0, 0, 0),
(748, 9, 247, 0, 0, 0),
(749, 9, 248, 0, 0, 0),
(750, 9, 249, 0, 0, 0),
(751, 9, 250, 0, 0, NULL),
(752, 10, 1, 5, 5, 0),
(753, 10, 2, 4, 4, 0),
(754, 10, 4, 3, 3, 0),
(755, 10, 3, 5, 5, 0),
(756, 10, 5, 3, 3, 0),
(757, 10, 6, 2, 2, 0),
(758, 10, 7, 1, 1, 0),
(759, 10, 8, 1, 1, 0),
(760, 10, 9, 1, 1, 0),
(761, 10, 10, 19, 19, 0),
(762, 10, 11, 1, 1, 0),
(763, 10, 12, 2, 2, 0),
(764, 10, 13, 1, 1, 0),
(765, 10, 14, 1, 1, 0),
(766, 10, 15, 6, 6, 0),
(767, 10, 16, 8, 8, 0),
(768, 10, 17, 1, 1, 0),
(769, 10, 18, 1, 1, 0),
(770, 10, 19, 1, 1, 0),
(771, 10, 20, 1, 1, 0),
(772, 10, 21, 2, 2, 0),
(773, 10, 22, 1, 1, 0),
(774, 10, 23, 1, 1, 0),
(775, 10, 24, 1, 1, 0),
(776, 10, 25, 1, 1, 0),
(777, 10, 26, 1, 1, 0),
(778, 10, 27, 3, 3, 0),
(779, 10, 28, 2, 2, 0),
(780, 10, 29, 3, 3, 0),
(781, 10, 30, 3, 3, 0),
(782, 10, 31, 1, 1, 0),
(783, 10, 32, 2, 2, 0),
(784, 10, 33, 1, 1, 0),
(785, 10, 34, 1, 1, 0),
(786, 10, 35, 1, 1, 0),
(787, 10, 36, 2, 2, 0),
(788, 10, 37, 2, 2, 0),
(789, 10, 38, 1, 1, 0),
(790, 10, 39, 2, 2, 0),
(791, 10, 40, 2, 2, 0),
(792, 10, 41, 1, 1, 0),
(793, 10, 42, 2, 2, 0),
(794, 10, 43, 1, 1, 0),
(795, 10, 44, 1, 1, 0),
(796, 10, 45, 1, 1, 0),
(797, 10, 46, 1, 1, 0),
(798, 10, 47, 1, 1, 0),
(799, 10, 48, 1, 1, 0),
(800, 10, 49, 1, 1, 0),
(801, 10, 50, 1, 1, 0),
(802, 10, 51, 1, 1, 0),
(803, 10, 52, 1, 1, 0),
(804, 10, 53, 1, 1, 0),
(805, 10, 54, 1, 1, 0),
(806, 10, 55, 1, 1, 0),
(807, 10, 56, 1, 1, 0),
(808, 10, 57, 1, 1, 0),
(809, 10, 58, 1, 1, 0),
(810, 10, 59, 1, 1, 0),
(811, 10, 60, 1, 1, 0),
(812, 10, 61, 1, 1, 0),
(813, 10, 62, 0, 1, 1),
(814, 10, 63, 0, 1, 1),
(815, 10, 64, 0, 1, 1),
(816, 10, 65, 0, 1, 1),
(817, 10, 66, 0, 1, 1),
(818, 10, 67, 0, 1, 1),
(819, 10, 68, 0, 1, 1),
(820, 10, 69, 0, 1, 1),
(821, 10, 70, 0, 1, 1),
(822, 10, 71, 0, 1, 1),
(823, 10, 72, 0, 2, 2),
(824, 10, 73, 0, 1, 1),
(825, 10, 74, 0, 2, 2),
(826, 10, 75, 0, 2, 2),
(827, 10, 76, 0, 1, 1),
(828, 10, 77, 0, 1, 1),
(829, 10, 78, 0, 1, 1),
(830, 10, 79, 0, 1, 1),
(831, 10, 80, 0, 1, 1),
(832, 10, 81, 0, 1, 1),
(833, 10, 82, 0, 1, 1),
(834, 10, 83, 0, 1, 1),
(835, 10, 84, 0, 1, 1),
(836, 10, 85, 0, 1, 1),
(837, 10, 86, 0, 1, 1),
(838, 10, 87, 0, 1, 1),
(839, 10, 88, 0, 1, 1),
(840, 10, 89, 0, 1, 1),
(841, 10, 90, 0, 2, 2),
(842, 10, 91, 0, 1, 1),
(843, 10, 92, 0, 1, 1),
(844, 10, 93, 0, 1, 1),
(845, 10, 94, 0, 1, 1),
(846, 10, 95, 0, 2, 2),
(847, 10, 96, 0, 2, 2),
(848, 10, 97, 0, 2, 2),
(849, 10, 98, 0, 2, 2),
(850, 10, 99, 0, 4, 4),
(851, 10, 100, 0, 5, 5),
(852, 10, 101, 0, 4, 4),
(853, 10, 102, 0, 5, 5),
(854, 10, 103, 0, 2, 2),
(855, 10, 104, 0, 2, 2),
(856, 10, 105, 0, 1, 1),
(857, 10, 106, 0, 1, 1),
(858, 10, 107, 0, 1, 1),
(859, 10, 108, 0, 1, 1),
(860, 10, 109, 0, 2, 2),
(861, 10, 110, 0, 3, 3),
(862, 10, 111, 0, 4, 4),
(863, 10, 112, 0, 2, 2),
(864, 10, 113, 0, 1, 1),
(865, 10, 114, 0, 1, 1),
(866, 10, 115, 0, 1, 1),
(867, 10, 116, 0, 3, 3),
(868, 10, 117, 0, 2, 2),
(869, 10, 118, 0, 4, 4),
(870, 10, 119, 0, 1, 1),
(871, 10, 120, 0, 9, 9),
(872, 10, 121, 0, 12, 12),
(873, 10, 122, 0, 1, 1),
(874, 10, 123, 0, 11, 11),
(875, 10, 124, 0, 1, 1),
(876, 10, 125, 0, 1, 1),
(877, 10, 126, 0, 2, 2),
(878, 10, 127, 0, 2, 2),
(879, 10, 128, 0, 5, 5),
(880, 10, 129, 0, 3, 3),
(881, 10, 130, 0, 2, 2),
(882, 10, 131, 0, 1, 1),
(883, 10, 132, 0, 1, 1),
(884, 10, 133, 0, 2, 2),
(885, 10, 134, 0, 1, 1),
(886, 10, 135, 0, 8, 8),
(887, 10, 136, 0, 2, 2),
(888, 10, 137, 0, 0, 0),
(889, 10, 138, 0, 0, 0),
(890, 10, 139, 0, 0, 0),
(891, 10, 140, 0, 0, 0),
(892, 10, 141, 0, 0, 0),
(893, 10, 142, 0, 0, 0),
(894, 10, 143, 0, 0, 0),
(895, 10, 144, 0, 0, 0),
(896, 10, 145, 0, 0, 0),
(897, 10, 146, 0, 0, 0),
(898, 10, 147, 0, 0, 0),
(899, 10, 148, 0, 0, 0),
(900, 10, 149, 0, 0, 0),
(901, 10, 150, 0, 0, 0),
(902, 10, 151, 0, 0, 0),
(903, 10, 152, 0, 0, 0),
(904, 10, 153, 0, 0, 0),
(905, 10, 154, 0, 0, 0),
(906, 10, 155, 0, 0, 0),
(907, 10, 156, 0, 0, 0),
(908, 10, 157, 0, 0, 0),
(909, 10, 158, 0, 0, 0),
(910, 10, 159, 0, 0, 0),
(911, 10, 160, 0, 0, 0),
(912, 10, 161, 0, 0, 0),
(913, 10, 162, 0, 0, 0),
(914, 10, 163, 0, 0, 0),
(915, 10, 164, 0, 0, 0),
(916, 10, 165, 0, 0, 0),
(917, 10, 166, 0, 0, 0),
(918, 10, 167, 0, 0, 0),
(919, 10, 168, 0, 0, 0),
(920, 10, 169, 0, 0, 0),
(921, 10, 170, 0, 0, 0),
(922, 10, 171, 0, 0, 0),
(923, 10, 172, 0, 0, 0),
(924, 10, 173, 0, 0, 0),
(925, 10, 174, 0, 0, 0),
(926, 10, 175, 0, 0, 0),
(927, 10, 176, 0, 0, 0),
(928, 10, 177, 0, 0, 0),
(929, 10, 178, 0, 0, 0),
(930, 10, 179, 0, 0, 0),
(931, 10, 180, 0, 0, 0),
(932, 10, 181, 0, 0, 0),
(933, 10, 182, 0, 0, 0),
(934, 10, 183, 0, 0, 0),
(935, 10, 184, 0, 0, 0),
(936, 10, 185, 0, 0, 0),
(937, 10, 186, 0, 0, 0),
(938, 10, 187, 0, 0, 0),
(939, 10, 188, 0, 0, 0),
(940, 10, 189, 0, 0, 0),
(941, 10, 190, 0, 0, 0),
(942, 10, 191, 0, 0, 0),
(943, 10, 192, 0, 0, 0),
(944, 10, 193, 0, 0, 0),
(945, 10, 194, 0, 0, 0),
(946, 10, 195, 0, 0, 0),
(947, 10, 196, 0, 0, 0),
(948, 10, 197, 0, 0, 0),
(949, 10, 198, 0, 0, 0),
(950, 10, 199, 0, 0, 0),
(951, 10, 200, 0, 0, 0),
(952, 10, 201, 0, 0, 0),
(953, 10, 202, 0, 0, 0),
(954, 10, 203, 0, 0, 0),
(955, 10, 204, 0, 0, 0),
(956, 10, 205, 0, 0, 0),
(957, 10, 206, 0, 0, 0),
(958, 10, 207, 0, 0, 0),
(959, 10, 208, 0, 0, 0),
(960, 10, 209, 0, 0, 0),
(961, 10, 210, 0, 0, 0),
(962, 10, 211, 0, 0, 0),
(963, 10, 212, 0, 0, 0),
(964, 10, 213, 0, 0, 0),
(965, 10, 214, 0, 0, 0),
(966, 10, 215, 0, 0, 0),
(967, 10, 216, 0, 0, 0),
(968, 10, 217, 0, 0, 0),
(969, 10, 218, 0, 0, 0),
(970, 10, 219, 0, 0, 0),
(971, 10, 220, 0, 0, 0),
(972, 10, 221, 0, 0, 0),
(973, 10, 222, 0, 0, 0),
(974, 10, 223, 0, 0, 0),
(975, 10, 224, 0, 0, 0),
(976, 10, 225, 0, 0, 0),
(977, 10, 226, 0, 0, 0),
(978, 10, 227, 0, 0, 0),
(979, 10, 228, 0, 0, 0),
(980, 10, 229, 0, 0, 0),
(981, 10, 230, 0, 0, 0),
(982, 10, 231, 0, 0, 0),
(983, 10, 232, 0, 0, 0),
(984, 10, 233, 0, 0, 0),
(985, 10, 234, 0, 0, 0),
(986, 10, 235, 0, 0, 0),
(987, 10, 236, 0, 0, 0),
(988, 10, 237, 0, 0, 0),
(989, 10, 238, 0, 0, 0),
(990, 10, 239, 0, 0, 0),
(991, 10, 240, 0, 0, 0),
(992, 10, 241, 0, 0, 0),
(993, 10, 242, 0, 0, 0),
(994, 10, 243, 0, 0, 0),
(995, 10, 244, 0, 0, 0),
(996, 10, 245, 0, 0, 0),
(997, 10, 246, 0, 0, 0),
(998, 10, 247, 0, 0, 0),
(999, 10, 248, 0, 0, 0),
(1000, 10, 249, 0, 0, 0),
(1001, 10, 250, 0, 0, NULL),
(1002, 11, 1, 5, 5, 0),
(1003, 11, 2, 4, 4, 0),
(1004, 11, 4, 3, 3, 0),
(1005, 11, 3, 5, 5, 0),
(1006, 11, 5, 3, 3, 0),
(1007, 11, 6, 2, 2, 0),
(1008, 11, 7, 1, 1, 0),
(1009, 11, 8, 1, 1, 0),
(1010, 11, 9, 1, 1, 0),
(1011, 11, 10, 19, 19, 0),
(1012, 11, 11, 1, 1, 0),
(1013, 11, 12, 2, 2, 0),
(1014, 11, 13, 1, 1, 0),
(1015, 11, 14, 1, 1, 0),
(1016, 11, 15, 6, 6, 0),
(1017, 11, 16, 8, 8, 0),
(1018, 11, 17, 1, 1, 0),
(1019, 11, 18, 1, 1, 0),
(1020, 11, 19, 1, 1, 0),
(1021, 11, 20, 1, 1, 0),
(1022, 11, 21, 2, 2, 0),
(1023, 11, 22, 1, 1, 0),
(1024, 11, 23, 1, 1, 0),
(1025, 11, 24, 1, 1, 0),
(1026, 11, 25, 1, 1, 0),
(1027, 11, 26, 1, 1, 0),
(1028, 11, 27, 3, 3, 0),
(1029, 11, 28, 2, 2, 0),
(1030, 11, 29, 3, 3, 0),
(1031, 11, 30, 3, 3, 0),
(1032, 11, 31, 1, 1, 0),
(1033, 11, 32, 2, 2, 0),
(1034, 11, 33, 1, 1, 0),
(1035, 11, 34, 1, 1, 0),
(1036, 11, 35, 1, 1, 0),
(1037, 11, 36, 2, 2, 0),
(1038, 11, 37, 2, 2, 0),
(1039, 11, 38, 1, 1, 0),
(1040, 11, 39, 2, 2, 0),
(1041, 11, 40, 2, 2, 0),
(1042, 11, 41, 1, 1, 0),
(1043, 11, 42, 2, 2, 0),
(1044, 11, 43, 1, 1, 0),
(1045, 11, 44, 1, 1, 0),
(1046, 11, 45, 1, 1, 0),
(1047, 11, 46, 1, 1, 0),
(1048, 11, 47, 1, 1, 0),
(1049, 11, 48, 1, 1, 0),
(1050, 11, 49, 1, 1, 0),
(1051, 11, 50, 1, 1, 0),
(1052, 11, 51, 1, 1, 0),
(1053, 11, 52, 1, 1, 0),
(1054, 11, 53, 1, 1, 0),
(1055, 11, 54, 1, 1, 0),
(1056, 11, 55, 1, 1, 0),
(1057, 11, 56, 1, 1, 0),
(1058, 11, 57, 1, 1, 0),
(1059, 11, 58, 1, 1, 0),
(1060, 11, 59, 1, 1, 0),
(1061, 11, 60, 1, 1, 0),
(1062, 11, 61, 1, 1, 0),
(1063, 11, 62, 1, 1, 0),
(1064, 11, 63, 1, 1, 0),
(1065, 11, 64, 1, 1, 0),
(1066, 11, 65, 1, 1, 0),
(1067, 11, 66, 1, 1, 0),
(1068, 11, 67, 1, 1, 0),
(1069, 11, 68, 1, 1, 0),
(1070, 11, 69, 1, 1, 0),
(1071, 11, 70, 1, 1, 0),
(1072, 11, 71, 1, 1, 0),
(1073, 11, 72, 2, 2, 0),
(1074, 11, 73, 1, 1, 0),
(1075, 11, 74, 2, 2, 0),
(1076, 11, 75, 2, 2, 0),
(1077, 11, 76, 1, 1, 0),
(1078, 11, 77, 1, 1, 0),
(1079, 11, 78, 1, 1, 0),
(1080, 11, 79, 1, 1, 0),
(1081, 11, 80, 1, 1, 0),
(1082, 11, 81, 1, 1, 0),
(1083, 11, 82, 1, 1, 0),
(1084, 11, 83, 1, 1, 0),
(1085, 11, 84, 1, 1, 0),
(1086, 11, 85, 1, 1, 0),
(1087, 11, 86, 1, 1, 0),
(1088, 11, 87, 1, 1, 0),
(1089, 11, 88, 1, 1, 0),
(1090, 11, 89, 1, 1, 0),
(1091, 11, 90, 2, 2, 0),
(1092, 11, 91, 1, 1, 0),
(1093, 11, 92, 1, 1, 0),
(1094, 11, 93, 1, 1, 0),
(1095, 11, 94, 1, 1, 0),
(1096, 11, 95, 2, 2, 0),
(1097, 11, 96, 2, 2, 0),
(1098, 11, 97, 2, 2, 0),
(1099, 11, 98, 2, 2, 0),
(1100, 11, 99, 4, 4, 0),
(1101, 11, 100, 5, 5, 0),
(1102, 11, 101, 4, 4, 0),
(1103, 11, 102, 5, 5, 0),
(1104, 11, 103, 2, 2, 0),
(1105, 11, 104, 2, 2, 0),
(1106, 11, 105, 1, 1, 0),
(1107, 11, 106, 1, 1, 0),
(1108, 11, 107, 1, 1, 0),
(1109, 11, 108, 1, 1, 0),
(1110, 11, 109, 2, 2, 0),
(1111, 11, 110, 3, 3, 0),
(1112, 11, 111, 4, 4, 0),
(1113, 11, 112, 2, 2, 0),
(1114, 11, 113, 1, 1, 0),
(1115, 11, 114, 1, 1, 0),
(1116, 11, 115, 1, 1, 0),
(1117, 11, 116, 3, 3, 0),
(1118, 11, 117, 2, 2, 0),
(1119, 11, 118, 4, 4, 0),
(1120, 11, 119, 1, 1, 0),
(1121, 11, 120, 9, 9, 0),
(1122, 11, 121, 12, 12, 0),
(1123, 11, 122, 1, 1, 0),
(1124, 11, 123, 11, 11, 0),
(1125, 11, 124, 1, 1, 0),
(1126, 11, 125, 1, 1, 0),
(1127, 11, 126, 2, 2, 0),
(1128, 11, 127, 2, 2, 0),
(1129, 11, 128, 5, 5, 0),
(1130, 11, 129, 3, 3, 0),
(1131, 11, 130, 2, 2, 0),
(1132, 11, 131, 1, 1, 0),
(1133, 11, 132, 1, 1, 0),
(1134, 11, 133, 2, 2, 0),
(1135, 11, 134, 1, 1, 0),
(1136, 11, 135, 8, 8, 0),
(1137, 11, 136, 2, 2, 0),
(1138, 11, 137, 0, 2, 2),
(1139, 11, 138, 0, 6, 6),
(1140, 11, 139, 0, 4, 4),
(1141, 11, 140, 0, 4, 4),
(1142, 11, 141, 0, 2, 2),
(1143, 11, 142, 0, 3, 3),
(1144, 11, 143, 0, 5, 5),
(1145, 11, 144, 0, 4, 4),
(1146, 11, 145, 0, 3, 3),
(1147, 11, 146, 0, 4, 4),
(1148, 11, 147, 0, 3, 3),
(1149, 11, 148, 0, 5, 5),
(1150, 11, 149, 0, 3, 3),
(1151, 11, 150, 0, 3, 3),
(1152, 11, 151, 0, 5, 5),
(1153, 11, 152, 0, 1, 1),
(1154, 11, 153, 0, 3, 3),
(1155, 11, 154, 0, 6, 6),
(1156, 11, 155, 0, 5, 5),
(1157, 11, 156, 0, 5, 5),
(1158, 11, 157, 0, 1, 1),
(1159, 11, 158, 0, 4, 4),
(1160, 11, 159, 0, 2, 2),
(1161, 11, 160, 0, 1, 1),
(1162, 11, 161, 0, 3, 3),
(1163, 11, 162, 0, 2, 2),
(1164, 11, 163, 0, 1, 1),
(1165, 11, 164, 0, 2, 2),
(1166, 11, 165, 0, 2, 2),
(1167, 11, 166, 0, 1, 1),
(1168, 11, 167, 0, 1, 1),
(1169, 11, 168, 0, 1, 1),
(1170, 11, 169, 0, 1, 1),
(1171, 11, 170, 0, 1, 1),
(1172, 11, 171, 0, 1, 1),
(1173, 11, 172, 0, 1, 1),
(1174, 11, 173, 0, 1, 1),
(1175, 11, 174, 0, 1, 1),
(1176, 11, 175, 0, 1, 1),
(1177, 11, 176, 0, 1, 1),
(1178, 11, 177, 0, 2, 2),
(1179, 11, 178, 0, 1, 1),
(1180, 11, 179, 0, 1, 1),
(1181, 11, 180, 0, 1, 1),
(1182, 11, 181, 0, 1, 1),
(1183, 11, 182, 0, 1, 1),
(1184, 11, 183, 0, 1, 1),
(1185, 11, 184, 0, 1, 1),
(1186, 11, 185, 0, 1, 1),
(1187, 11, 186, 0, 1, 1),
(1188, 11, 187, 0, 1, 1),
(1189, 11, 188, 0, 1, 1),
(1190, 11, 189, 0, 1, 1),
(1191, 11, 190, 0, 5, 5),
(1192, 11, 191, 0, 2, 2),
(1193, 11, 192, 0, 1, 1),
(1194, 11, 193, 0, 1, 1),
(1195, 11, 194, 0, 1, 1),
(1196, 11, 195, 0, 1, 1),
(1197, 11, 196, 0, 1, 1),
(1198, 11, 197, 0, 6, 6),
(1199, 11, 198, 0, 6, 6),
(1200, 11, 199, 0, 6, 6),
(1201, 11, 200, 0, 6, 6),
(1202, 11, 201, 0, 5, 5),
(1203, 11, 202, 0, 4, 4),
(1204, 11, 203, 0, 1, 1),
(1205, 11, 204, 0, 12, 12),
(1206, 11, 205, 0, 0, 0),
(1207, 11, 206, 0, 0, 0),
(1208, 11, 207, 0, 0, 0),
(1209, 11, 208, 0, 0, 0),
(1210, 11, 209, 0, 0, 0),
(1211, 11, 210, 0, 0, 0),
(1212, 11, 211, 0, 0, 0),
(1213, 11, 212, 0, 0, 0),
(1214, 11, 213, 0, 0, 0),
(1215, 11, 214, 0, 0, 0),
(1216, 11, 215, 0, 0, 0),
(1217, 11, 216, 0, 0, 0),
(1218, 11, 217, 0, 0, 0),
(1219, 11, 218, 0, 0, 0),
(1220, 11, 219, 0, 0, 0),
(1221, 11, 220, 0, 0, 0),
(1222, 11, 221, 0, 0, 0),
(1223, 11, 222, 0, 0, 0),
(1224, 11, 223, 0, 0, 0),
(1225, 11, 224, 0, 0, 0),
(1226, 11, 225, 0, 0, 0),
(1227, 11, 226, 0, 0, 0),
(1228, 11, 227, 0, 0, 0),
(1229, 11, 228, 0, 0, 0),
(1230, 11, 229, 0, 0, 0),
(1231, 11, 230, 0, 0, 0),
(1232, 11, 231, 0, 0, 0),
(1233, 11, 232, 0, 0, 0),
(1234, 11, 233, 0, 0, 0),
(1235, 11, 234, 0, 0, 0),
(1236, 11, 235, 0, 0, 0),
(1237, 11, 236, 0, 0, 0),
(1238, 11, 237, 0, 0, 0),
(1239, 11, 238, 0, 0, 0),
(1240, 11, 239, 0, 0, 0),
(1241, 11, 240, 0, 0, 0),
(1242, 11, 241, 0, 0, 0),
(1243, 11, 242, 0, 0, 0),
(1244, 11, 243, 0, 0, 0),
(1245, 11, 244, 0, 0, 0),
(1246, 11, 245, 0, 0, 0),
(1247, 11, 246, 0, 0, 0),
(1248, 11, 247, 0, 0, 0),
(1249, 11, 248, 0, 0, 0),
(1250, 11, 249, 0, 0, 0),
(1251, 11, 250, 0, 0, NULL),
(1252, 12, 1, 5, 5, 0),
(1253, 12, 2, 4, 4, 0),
(1254, 12, 4, 3, 3, 0),
(1255, 12, 3, 5, 5, 0),
(1256, 12, 5, 3, 3, 0),
(1257, 12, 6, 2, 2, 0),
(1258, 12, 7, 1, 1, 0),
(1259, 12, 8, 1, 1, 0),
(1260, 12, 9, 1, 1, 0),
(1261, 12, 10, 19, 19, 0),
(1262, 12, 11, 1, 1, 0),
(1263, 12, 12, 2, 2, 0),
(1264, 12, 13, 1, 1, 0),
(1265, 12, 14, 1, 1, 0),
(1266, 12, 15, 6, 6, 0),
(1267, 12, 16, 8, 8, 0),
(1268, 12, 17, 1, 1, 0),
(1269, 12, 18, 1, 1, 0),
(1270, 12, 19, 1, 1, 0),
(1271, 12, 20, 1, 1, 0),
(1272, 12, 21, 2, 2, 0),
(1273, 12, 22, 1, 1, 0),
(1274, 12, 23, 1, 1, 0),
(1275, 12, 24, 1, 1, 0),
(1276, 12, 25, 1, 1, 0),
(1277, 12, 26, 1, 1, 0),
(1278, 12, 27, 3, 3, 0),
(1279, 12, 28, 2, 2, 0),
(1280, 12, 29, 3, 3, 0),
(1281, 12, 30, 3, 3, 0),
(1282, 12, 31, 1, 1, 0),
(1283, 12, 32, 2, 2, 0),
(1284, 12, 33, 1, 1, 0),
(1285, 12, 34, 1, 1, 0),
(1286, 12, 35, 1, 1, 0),
(1287, 12, 36, 2, 2, 0),
(1288, 12, 37, 2, 2, 0),
(1289, 12, 38, 1, 1, 0),
(1290, 12, 39, 2, 2, 0),
(1291, 12, 40, 2, 2, 0),
(1292, 12, 41, 1, 1, 0),
(1293, 12, 42, 2, 2, 0),
(1294, 12, 43, 1, 1, 0),
(1295, 12, 44, 1, 1, 0),
(1296, 12, 45, 1, 1, 0),
(1297, 12, 46, 1, 1, 0),
(1298, 12, 47, 1, 1, 0),
(1299, 12, 48, 1, 1, 0),
(1300, 12, 49, 1, 1, 0),
(1301, 12, 50, 1, 1, 0),
(1302, 12, 51, 1, 1, 0),
(1303, 12, 52, 1, 1, 0),
(1304, 12, 53, 1, 1, 0),
(1305, 12, 54, 1, 1, 0),
(1306, 12, 55, 1, 1, 0),
(1307, 12, 56, 1, 1, 0),
(1308, 12, 57, 1, 1, 0),
(1309, 12, 58, 1, 1, 0),
(1310, 12, 59, 1, 1, 0),
(1311, 12, 60, 1, 1, 0),
(1312, 12, 61, 1, 1, 0),
(1313, 12, 62, 1, 1, 0),
(1314, 12, 63, 1, 1, 0),
(1315, 12, 64, 1, 1, 0),
(1316, 12, 65, 1, 1, 0),
(1317, 12, 66, 1, 1, 0),
(1318, 12, 67, 1, 1, 0),
(1319, 12, 68, 1, 1, 0),
(1320, 12, 69, 1, 1, 0),
(1321, 12, 70, 1, 1, 0),
(1322, 12, 71, 1, 1, 0),
(1323, 12, 72, 2, 2, 0),
(1324, 12, 73, 1, 1, 0),
(1325, 12, 74, 2, 2, 0),
(1326, 12, 75, 2, 2, 0),
(1327, 12, 76, 1, 1, 0),
(1328, 12, 77, 1, 1, 0),
(1329, 12, 78, 1, 1, 0),
(1330, 12, 79, 1, 1, 0),
(1331, 12, 80, 1, 1, 0),
(1332, 12, 81, 1, 1, 0),
(1333, 12, 82, 1, 1, 0),
(1334, 12, 83, 1, 1, 0),
(1335, 12, 84, 1, 1, 0),
(1336, 12, 85, 1, 1, 0),
(1337, 12, 86, 1, 1, 0),
(1338, 12, 87, 1, 1, 0),
(1339, 12, 88, 1, 1, 0),
(1340, 12, 89, 1, 1, 0),
(1341, 12, 90, 2, 2, 0),
(1342, 12, 91, 1, 1, 0),
(1343, 12, 92, 1, 1, 0),
(1344, 12, 93, 1, 1, 0),
(1345, 12, 94, 1, 1, 0),
(1346, 12, 95, 2, 2, 0),
(1347, 12, 96, 2, 2, 0),
(1348, 12, 97, 2, 2, 0),
(1349, 12, 98, 2, 2, 0),
(1350, 12, 99, 4, 4, 0),
(1351, 12, 100, 5, 5, 0),
(1352, 12, 101, 4, 4, 0),
(1353, 12, 102, 5, 5, 0),
(1354, 12, 103, 2, 2, 0),
(1355, 12, 104, 2, 2, 0),
(1356, 12, 105, 1, 1, 0),
(1357, 12, 106, 1, 1, 0),
(1358, 12, 107, 1, 1, 0),
(1359, 12, 108, 1, 1, 0),
(1360, 12, 109, 2, 2, 0),
(1361, 12, 110, 3, 3, 0),
(1362, 12, 111, 4, 4, 0),
(1363, 12, 112, 2, 2, 0),
(1364, 12, 113, 1, 1, 0),
(1365, 12, 114, 1, 1, 0),
(1366, 12, 115, 1, 1, 0),
(1367, 12, 116, 3, 3, 0),
(1368, 12, 117, 2, 2, 0),
(1369, 12, 118, 4, 4, 0),
(1370, 12, 119, 1, 1, 0),
(1371, 12, 120, 9, 9, 0),
(1372, 12, 121, 12, 12, 0),
(1373, 12, 122, 1, 1, 0),
(1374, 12, 123, 11, 11, 0),
(1375, 12, 124, 1, 1, 0),
(1376, 12, 125, 1, 1, 0),
(1377, 12, 126, 2, 2, 0),
(1378, 12, 127, 2, 2, 0),
(1379, 12, 128, 5, 5, 0),
(1380, 12, 129, 3, 3, 0),
(1381, 12, 130, 2, 2, 0),
(1382, 12, 131, 1, 1, 0),
(1383, 12, 132, 1, 1, 0),
(1384, 12, 133, 2, 2, 0),
(1385, 12, 134, 1, 1, 0),
(1386, 12, 135, 8, 8, 0),
(1387, 12, 136, 2, 2, 0),
(1388, 12, 137, 2, 2, 0),
(1389, 12, 138, 6, 6, 0),
(1390, 12, 139, 4, 4, 0),
(1391, 12, 140, 4, 4, 0),
(1392, 12, 141, 2, 2, 0),
(1393, 12, 142, 3, 3, 0),
(1394, 12, 143, 5, 5, 0),
(1395, 12, 144, 4, 4, 0),
(1396, 12, 145, 3, 3, 0),
(1397, 12, 146, 4, 4, 0),
(1398, 12, 147, 3, 3, 0),
(1399, 12, 148, 5, 5, 0),
(1400, 12, 149, 3, 3, 0),
(1401, 12, 150, 3, 3, 0),
(1402, 12, 151, 5, 5, 0),
(1403, 12, 152, 1, 1, 0),
(1404, 12, 153, 3, 3, 0),
(1405, 12, 154, 6, 6, 0),
(1406, 12, 155, 5, 5, 0),
(1407, 12, 156, 5, 5, 0),
(1408, 12, 157, 1, 1, 0),
(1409, 12, 158, 4, 4, 0),
(1410, 12, 159, 2, 2, 0),
(1411, 12, 160, 1, 1, 0),
(1412, 12, 161, 3, 3, 0),
(1413, 12, 162, 2, 2, 0),
(1414, 12, 163, 1, 1, 0),
(1415, 12, 164, 2, 2, 0),
(1416, 12, 165, 2, 2, 0),
(1417, 12, 166, 1, 1, 0),
(1418, 12, 167, 1, 1, 0),
(1419, 12, 168, 1, 1, 0),
(1420, 12, 169, 1, 1, 0),
(1421, 12, 170, 1, 1, 0),
(1422, 12, 171, 1, 1, 0),
(1423, 12, 172, 1, 1, 0),
(1424, 12, 173, 1, 1, 0),
(1425, 12, 174, 1, 1, 0),
(1426, 12, 175, 1, 1, 0),
(1427, 12, 176, 1, 1, 0),
(1428, 12, 177, 2, 2, 0),
(1429, 12, 178, 1, 1, 0),
(1430, 12, 179, 1, 1, 0),
(1431, 12, 180, 1, 1, 0),
(1432, 12, 181, 1, 1, 0),
(1433, 12, 182, 1, 1, 0),
(1434, 12, 183, 1, 1, 0),
(1435, 12, 184, 1, 1, 0),
(1436, 12, 185, 1, 1, 0),
(1437, 12, 186, 1, 1, 0),
(1438, 12, 187, 1, 1, 0),
(1439, 12, 188, 1, 1, 0),
(1440, 12, 189, 1, 1, 0),
(1441, 12, 190, 5, 5, 0),
(1442, 12, 191, 2, 2, 0),
(1443, 12, 192, 1, 1, 0),
(1444, 12, 193, 1, 1, 0),
(1445, 12, 194, 1, 1, 0),
(1446, 12, 195, 1, 1, 0),
(1447, 12, 196, 1, 1, 0),
(1448, 12, 197, 6, 6, 0),
(1449, 12, 198, 6, 6, 0),
(1450, 12, 199, 6, 6, 0),
(1451, 12, 200, 6, 6, 0),
(1452, 12, 201, 5, 5, 0),
(1453, 12, 202, 4, 4, 0),
(1454, 12, 203, 1, 1, 0),
(1455, 12, 204, 12, 12, 0),
(1456, 12, 205, 0, 11, 11),
(1457, 12, 206, 0, 4, 4),
(1458, 12, 207, 0, 1, 1),
(1459, 12, 208, 0, 1, 1),
(1460, 12, 209, 0, 7, 7),
(1461, 12, 210, 0, 6, 6),
(1462, 12, 211, 0, 6, 6),
(1463, 12, 212, 0, 10, 10),
(1464, 12, 213, 0, 5, 5),
(1465, 12, 214, 0, 1, 1),
(1466, 12, 215, 0, 7, 7),
(1467, 12, 216, 0, 9, 9),
(1468, 12, 217, 0, 1, 1),
(1469, 12, 218, 0, 1, 1),
(1470, 12, 219, 0, 2, 2),
(1471, 12, 220, 0, 1, 1),
(1472, 12, 221, 0, 1, 1),
(1473, 12, 222, 0, 1, 1),
(1474, 12, 223, 0, 1, 1),
(1475, 12, 224, 0, 1, 1),
(1476, 12, 225, 0, 1, 1),
(1477, 12, 226, 0, 1, 1),
(1478, 12, 227, 0, 1, 1),
(1479, 12, 228, 0, 2, 2),
(1480, 12, 229, 0, 5, 5),
(1481, 12, 230, 0, 1, 1),
(1482, 12, 231, 0, 2, 2),
(1483, 12, 232, 0, 2, 2),
(1484, 12, 233, 0, 2, 2),
(1485, 12, 234, 0, 2, 2),
(1486, 12, 235, 0, 2, 2),
(1487, 12, 236, 0, 4, 4),
(1488, 12, 237, 0, 2, 2),
(1489, 12, 238, 0, 3, 3),
(1490, 12, 239, 0, 7, 7),
(1491, 12, 240, 0, 9, 9),
(1492, 12, 241, 0, 5, 5),
(1493, 12, 242, 0, 9, 9),
(1494, 12, 243, 0, 1, 1),
(1495, 12, 244, 0, 10, 10),
(1496, 12, 245, 0, 9, 9),
(1497, 12, 246, 0, 1, 1),
(1498, 12, 247, 0, 0, 0),
(1499, 12, 248, 0, 0, 0),
(1500, 12, 249, 0, 0, 0),
(1501, 12, 250, 0, 0, NULL),
(1502, 13, 1, 5, 5, 0),
(1503, 13, 2, 4, 4, 0),
(1504, 13, 4, 3, 3, 0),
(1505, 13, 3, 5, 5, 0),
(1506, 13, 5, 3, 3, 0),
(1507, 13, 6, 2, 2, 0),
(1508, 13, 7, 1, 1, 0),
(1509, 13, 8, 1, 1, 0),
(1510, 13, 9, 1, 1, 0),
(1511, 13, 10, 19, 19, 0),
(1512, 13, 11, 1, 1, 0),
(1513, 13, 12, 2, 2, 0),
(1514, 13, 13, 1, 1, 0),
(1515, 13, 14, 1, 1, 0),
(1516, 13, 15, 6, 6, 0),
(1517, 13, 16, 8, 8, 0),
(1518, 13, 17, 1, 1, 0),
(1519, 13, 18, 1, 1, 0),
(1520, 13, 19, 1, 1, 0),
(1521, 13, 20, 1, 1, 0),
(1522, 13, 21, 2, 2, 0),
(1523, 13, 22, 1, 1, 0),
(1524, 13, 23, 1, 1, 0),
(1525, 13, 24, 1, 1, 0),
(1526, 13, 25, 1, 1, 0),
(1527, 13, 26, 1, 1, 0),
(1528, 13, 27, 3, 3, 0),
(1529, 13, 28, 2, 2, 0),
(1530, 13, 29, 3, 3, 0),
(1531, 13, 30, 3, 3, 0),
(1532, 13, 31, 1, 1, 0),
(1533, 13, 32, 2, 2, 0),
(1534, 13, 33, 1, 1, 0),
(1535, 13, 34, 1, 1, 0),
(1536, 13, 35, 1, 1, 0),
(1537, 13, 36, 2, 2, 0),
(1538, 13, 37, 2, 2, 0),
(1539, 13, 38, 1, 1, 0),
(1540, 13, 39, 2, 2, 0),
(1541, 13, 40, 2, 2, 0),
(1542, 13, 41, 1, 1, 0),
(1543, 13, 42, 2, 2, 0),
(1544, 13, 43, 1, 1, 0),
(1545, 13, 44, 1, 1, 0),
(1546, 13, 45, 1, 1, 0),
(1547, 13, 46, 1, 1, 0),
(1548, 13, 47, 1, 1, 0),
(1549, 13, 48, 1, 1, 0),
(1550, 13, 49, 1, 1, 0),
(1551, 13, 50, 1, 1, 0),
(1552, 13, 51, 1, 1, 0),
(1553, 13, 52, 1, 1, 0),
(1554, 13, 53, 1, 1, 0),
(1555, 13, 54, 1, 1, 0),
(1556, 13, 55, 1, 1, 0),
(1557, 13, 56, 1, 1, 0),
(1558, 13, 57, 1, 1, 0),
(1559, 13, 58, 1, 1, 0),
(1560, 13, 59, 1, 1, 0),
(1561, 13, 60, 1, 1, 0),
(1562, 13, 61, 1, 1, 0),
(1563, 13, 62, 1, 1, 0),
(1564, 13, 63, 1, 1, 0),
(1565, 13, 64, 1, 1, 0),
(1566, 13, 65, 1, 1, 0),
(1567, 13, 66, 1, 1, 0),
(1568, 13, 67, 1, 1, 0),
(1569, 13, 68, 1, 1, 0),
(1570, 13, 69, 1, 1, 0),
(1571, 13, 70, 1, 1, 0),
(1572, 13, 71, 1, 1, 0),
(1573, 13, 72, 2, 2, 0),
(1574, 13, 73, 1, 1, 0),
(1575, 13, 74, 2, 2, 0),
(1576, 13, 75, 2, 2, 0),
(1577, 13, 76, 1, 1, 0),
(1578, 13, 77, 1, 1, 0),
(1579, 13, 78, 1, 1, 0),
(1580, 13, 79, 1, 1, 0),
(1581, 13, 80, 1, 1, 0),
(1582, 13, 81, 1, 1, 0),
(1583, 13, 82, 1, 1, 0),
(1584, 13, 83, 1, 1, 0),
(1585, 13, 84, 1, 1, 0),
(1586, 13, 85, 1, 1, 0),
(1587, 13, 86, 1, 1, 0),
(1588, 13, 87, 1, 1, 0),
(1589, 13, 88, 1, 1, 0),
(1590, 13, 89, 1, 1, 0),
(1591, 13, 90, 2, 2, 0),
(1592, 13, 91, 1, 1, 0),
(1593, 13, 92, 1, 1, 0),
(1594, 13, 93, 1, 1, 0),
(1595, 13, 94, 1, 1, 0),
(1596, 13, 95, 2, 2, 0),
(1597, 13, 96, 2, 2, 0),
(1598, 13, 97, 2, 2, 0),
(1599, 13, 98, 2, 2, 0),
(1600, 13, 99, 4, 4, 0),
(1601, 13, 100, 5, 5, 0),
(1602, 13, 101, 4, 4, 0),
(1603, 13, 102, 5, 5, 0),
(1604, 13, 103, 2, 2, 0),
(1605, 13, 104, 2, 2, 0),
(1606, 13, 105, 1, 1, 0),
(1607, 13, 106, 1, 1, 0),
(1608, 13, 107, 1, 1, 0),
(1609, 13, 108, 1, 1, 0),
(1610, 13, 109, 2, 2, 0),
(1611, 13, 110, 3, 3, 0),
(1612, 13, 111, 4, 4, 0),
(1613, 13, 112, 2, 2, 0),
(1614, 13, 113, 1, 1, 0),
(1615, 13, 114, 1, 1, 0),
(1616, 13, 115, 1, 1, 0),
(1617, 13, 116, 3, 3, 0),
(1618, 13, 117, 2, 2, 0),
(1619, 13, 118, 4, 4, 0),
(1620, 13, 119, 1, 1, 0),
(1621, 13, 120, 9, 9, 0),
(1622, 13, 121, 12, 12, 0),
(1623, 13, 122, 1, 1, 0),
(1624, 13, 123, 11, 11, 0),
(1625, 13, 124, 1, 1, 0),
(1626, 13, 125, 1, 1, 0),
(1627, 13, 126, 2, 2, 0),
(1628, 13, 127, 2, 2, 0),
(1629, 13, 128, 5, 5, 0),
(1630, 13, 129, 3, 3, 0),
(1631, 13, 130, 2, 2, 0),
(1632, 13, 131, 1, 1, 0),
(1633, 13, 132, 1, 1, 0),
(1634, 13, 133, 2, 2, 0),
(1635, 13, 134, 1, 1, 0),
(1636, 13, 135, 8, 8, 0),
(1637, 13, 136, 2, 2, 0),
(1638, 13, 137, 2, 2, 0),
(1639, 13, 138, 6, 6, 0),
(1640, 13, 139, 4, 4, 0),
(1641, 13, 140, 4, 4, 0),
(1642, 13, 141, 2, 2, 0),
(1643, 13, 142, 3, 3, 0),
(1644, 13, 143, 5, 5, 0),
(1645, 13, 144, 4, 4, 0),
(1646, 13, 145, 3, 3, 0),
(1647, 13, 146, 4, 4, 0),
(1648, 13, 147, 3, 3, 0),
(1649, 13, 148, 5, 5, 0),
(1650, 13, 149, 3, 3, 0),
(1651, 13, 150, 3, 3, 0),
(1652, 13, 151, 5, 5, 0),
(1653, 13, 152, 1, 1, 0),
(1654, 13, 153, 3, 3, 0),
(1655, 13, 154, 6, 6, 0),
(1656, 13, 155, 5, 5, 0),
(1657, 13, 156, 5, 5, 0),
(1658, 13, 157, 1, 1, 0),
(1659, 13, 158, 4, 4, 0),
(1660, 13, 159, 2, 2, 0),
(1661, 13, 160, 1, 1, 0),
(1662, 13, 161, 3, 3, 0),
(1663, 13, 162, 2, 2, 0),
(1664, 13, 163, 1, 1, 0),
(1665, 13, 164, 2, 2, 0),
(1666, 13, 165, 2, 2, 0),
(1667, 13, 166, 1, 1, 0),
(1668, 13, 167, 1, 1, 0),
(1669, 13, 168, 1, 1, 0),
(1670, 13, 169, 1, 1, 0),
(1671, 13, 170, 1, 1, 0),
(1672, 13, 171, 1, 1, 0),
(1673, 13, 172, 1, 1, 0),
(1674, 13, 173, 1, 1, 0),
(1675, 13, 174, 1, 1, 0),
(1676, 13, 175, 1, 1, 0),
(1677, 13, 176, 1, 1, 0),
(1678, 13, 177, 2, 2, 0),
(1679, 13, 178, 1, 1, 0),
(1680, 13, 179, 1, 1, 0),
(1681, 13, 180, 1, 1, 0),
(1682, 13, 181, 1, 1, 0),
(1683, 13, 182, 1, 1, 0),
(1684, 13, 183, 1, 1, 0),
(1685, 13, 184, 1, 1, 0),
(1686, 13, 185, 1, 1, 0),
(1687, 13, 186, 1, 1, 0),
(1688, 13, 187, 1, 1, 0),
(1689, 13, 188, 1, 1, 0),
(1690, 13, 189, 1, 1, 0),
(1691, 13, 190, 5, 5, 0),
(1692, 13, 191, 2, 2, 0),
(1693, 13, 192, 1, 1, 0),
(1694, 13, 193, 1, 1, 0),
(1695, 13, 194, 1, 1, 0),
(1696, 13, 195, 1, 1, 0),
(1697, 13, 196, 1, 1, 0),
(1698, 13, 197, 6, 6, 0),
(1699, 13, 198, 6, 6, 0),
(1700, 13, 199, 6, 6, 0),
(1701, 13, 200, 6, 6, 0),
(1702, 13, 201, 5, 5, 0),
(1703, 13, 202, 4, 4, 0),
(1704, 13, 203, 1, 1, 0),
(1705, 13, 204, 12, 12, 0),
(1706, 13, 205, 11, 11, 0),
(1707, 13, 206, 4, 4, 0),
(1708, 13, 207, 1, 1, 0),
(1709, 13, 208, 1, 1, 0),
(1710, 13, 209, 7, 7, 0),
(1711, 13, 210, 6, 6, 0),
(1712, 13, 211, 6, 6, 0),
(1713, 13, 212, 10, 10, 0),
(1714, 13, 213, 5, 5, 0),
(1715, 13, 214, 1, 1, 0),
(1716, 13, 215, 7, 7, 0),
(1717, 13, 216, 9, 9, 0),
(1718, 13, 217, 1, 1, 0),
(1719, 13, 218, 1, 1, 0),
(1720, 13, 219, 2, 2, 0),
(1721, 13, 220, 1, 1, 0),
(1722, 13, 221, 1, 1, 0),
(1723, 13, 222, 1, 1, 0),
(1724, 13, 223, 1, 1, 0),
(1725, 13, 224, 1, 1, 0),
(1726, 13, 225, 1, 1, 0),
(1727, 13, 226, 1, 1, 0),
(1728, 13, 227, 1, 1, 0),
(1729, 13, 228, 2, 2, 0),
(1730, 13, 229, 5, 5, 0),
(1731, 13, 230, 1, 1, 0),
(1732, 13, 231, 2, 2, 0),
(1733, 13, 232, 2, 2, 0),
(1734, 13, 233, 2, 2, 0),
(1735, 13, 234, 2, 2, 0),
(1736, 13, 235, 2, 2, 0),
(1737, 13, 236, 4, 4, 0),
(1738, 13, 237, 2, 2, 0),
(1739, 13, 238, 3, 3, 0),
(1740, 13, 239, 7, 7, 0),
(1741, 13, 240, 9, 9, 0),
(1742, 13, 241, 5, 5, 0),
(1743, 13, 242, 9, 9, 0),
(1744, 13, 243, 1, 1, 0),
(1745, 13, 244, 10, 10, 0),
(1746, 13, 245, 9, 9, 0),
(1747, 13, 246, 1, 1, 0),
(1748, 13, 247, 0, 1, 1),
(1749, 13, 248, 0, 1, 1),
(1750, 13, 249, 0, 1, 1),
(1751, 13, 250, 0, 1, NULL),
(1752, 14, 1, 5, 5, 0),
(1753, 14, 2, 4, 4, 0),
(1754, 14, 4, 3, 3, 0),
(1755, 14, 3, 5, 5, 0),
(1756, 14, 5, 3, 3, 0),
(1757, 14, 6, 2, 2, 0),
(1758, 14, 7, 1, 1, 0),
(1759, 14, 8, 1, 1, 0),
(1760, 14, 9, 1, 1, 0),
(1761, 14, 10, 19, 19, 0),
(1762, 14, 11, 1, 1, 0),
(1763, 14, 12, 2, 2, 0),
(1764, 14, 13, 1, 1, 0),
(1765, 14, 14, 1, 1, 0),
(1766, 14, 15, 6, 6, 0),
(1767, 14, 16, 8, 8, 0),
(1768, 14, 17, 1, 1, 0),
(1769, 14, 18, 1, 1, 0),
(1770, 14, 19, 1, 1, 0),
(1771, 14, 20, 1, 1, 0),
(1772, 14, 21, 2, 2, 0),
(1773, 14, 22, 1, 1, 0),
(1774, 14, 23, 1, 1, 0),
(1775, 14, 24, 1, 1, 0),
(1776, 14, 25, 1, 1, 0),
(1777, 14, 26, 1, 1, 0),
(1778, 14, 27, 3, 3, 0),
(1779, 14, 28, 2, 2, 0),
(1780, 14, 29, 3, 3, 0),
(1781, 14, 30, 3, 3, 0),
(1782, 14, 31, 1, 1, 0),
(1783, 14, 32, 2, 2, 0),
(1784, 14, 33, 1, 1, 0),
(1785, 14, 34, 1, 1, 0),
(1786, 14, 35, 1, 1, 0),
(1787, 14, 36, 2, 2, 0),
(1788, 14, 37, 2, 2, 0),
(1789, 14, 38, 1, 1, 0),
(1790, 14, 39, 2, 2, 0),
(1791, 14, 40, 2, 2, 0),
(1792, 14, 41, 1, 1, 0),
(1793, 14, 42, 2, 2, 0),
(1794, 14, 43, 1, 1, 0),
(1795, 14, 44, 1, 1, 0),
(1796, 14, 45, 1, 1, 0),
(1797, 14, 46, 1, 1, 0),
(1798, 14, 47, 1, 1, 0),
(1799, 14, 48, 1, 1, 0),
(1800, 14, 49, 1, 1, 0),
(1801, 14, 50, 1, 1, 0),
(1802, 14, 51, 1, 1, 0),
(1803, 14, 52, 1, 1, 0),
(1804, 14, 53, 1, 1, 0),
(1805, 14, 54, 1, 1, 0),
(1806, 14, 55, 1, 1, 0),
(1807, 14, 56, 1, 1, 0),
(1808, 14, 57, 1, 1, 0),
(1809, 14, 58, 1, 1, 0),
(1810, 14, 59, 1, 1, 0),
(1811, 14, 60, 1, 1, 0),
(1812, 14, 61, 1, 1, 0),
(1813, 14, 62, 1, 1, 0),
(1814, 14, 63, 1, 1, 0),
(1815, 14, 64, 1, 1, 0),
(1816, 14, 65, 1, 1, 0),
(1817, 14, 66, 1, 1, 0),
(1818, 14, 67, 1, 1, 0),
(1819, 14, 68, 1, 1, 0),
(1820, 14, 69, 1, 1, 0),
(1821, 14, 70, 1, 1, 0),
(1822, 14, 71, 1, 1, 0),
(1823, 14, 72, 2, 2, 0),
(1824, 14, 73, 1, 1, 0),
(1825, 14, 74, 2, 2, 0),
(1826, 14, 75, 2, 2, 0),
(1827, 14, 76, 1, 1, 0),
(1828, 14, 77, 1, 1, 0),
(1829, 14, 78, 1, 1, 0),
(1830, 14, 79, 1, 1, 0),
(1831, 14, 80, 1, 1, 0),
(1832, 14, 81, 1, 1, 0),
(1833, 14, 82, 1, 1, 0),
(1834, 14, 83, 1, 1, 0),
(1835, 14, 84, 1, 1, 0),
(1836, 14, 85, 1, 1, 0),
(1837, 14, 86, 1, 1, 0),
(1838, 14, 87, 1, 1, 0),
(1839, 14, 88, 1, 1, 0),
(1840, 14, 89, 1, 1, 0),
(1841, 14, 90, 2, 2, 0),
(1842, 14, 91, 1, 1, 0),
(1843, 14, 92, 1, 1, 0),
(1844, 14, 93, 1, 1, 0),
(1845, 14, 94, 1, 1, 0),
(1846, 14, 95, 2, 2, 0),
(1847, 14, 96, 2, 2, 0),
(1848, 14, 97, 2, 2, 0),
(1849, 14, 98, 2, 2, 0),
(1850, 14, 99, 4, 4, 0),
(1851, 14, 100, 5, 5, 0),
(1852, 14, 101, 4, 4, 0),
(1853, 14, 102, 5, 5, 0),
(1854, 14, 103, 2, 2, 0),
(1855, 14, 104, 2, 2, 0),
(1856, 14, 105, 1, 1, 0),
(1857, 14, 106, 1, 1, 0),
(1858, 14, 107, 1, 1, 0),
(1859, 14, 108, 1, 1, 0),
(1860, 14, 109, 2, 2, 0),
(1861, 14, 110, 3, 3, 0),
(1862, 14, 111, 4, 4, 0),
(1863, 14, 112, 2, 2, 0),
(1864, 14, 113, 1, 1, 0),
(1865, 14, 114, 1, 1, 0),
(1866, 14, 115, 1, 1, 0),
(1867, 14, 116, 3, 3, 0),
(1868, 14, 117, 2, 2, 0),
(1869, 14, 118, 4, 4, 0),
(1870, 14, 119, 1, 1, 0),
(1871, 14, 120, 9, 9, 0),
(1872, 14, 121, 12, 12, 0),
(1873, 14, 122, 1, 1, 0),
(1874, 14, 123, 11, 11, 0),
(1875, 14, 124, 1, 1, 0),
(1876, 14, 125, 1, 1, 0),
(1877, 14, 126, 2, 2, 0),
(1878, 14, 127, 2, 2, 0),
(1879, 14, 128, 5, 5, 0),
(1880, 14, 129, 3, 3, 0),
(1881, 14, 130, 2, 2, 0),
(1882, 14, 131, 1, 1, 0),
(1883, 14, 132, 1, 1, 0),
(1884, 14, 133, 2, 2, 0),
(1885, 14, 134, 1, 1, 0),
(1886, 14, 135, 8, 8, 0),
(1887, 14, 136, 2, 2, 0),
(1888, 14, 137, 2, 2, 0),
(1889, 14, 138, 6, 6, 0),
(1890, 14, 139, 4, 4, 0),
(1891, 14, 140, 4, 4, 0),
(1892, 14, 141, 2, 2, 0),
(1893, 14, 142, 3, 3, 0),
(1894, 14, 143, 5, 5, 0),
(1895, 14, 144, 4, 4, 0),
(1896, 14, 145, 3, 3, 0),
(1897, 14, 146, 4, 4, 0),
(1898, 14, 147, 3, 3, 0),
(1899, 14, 148, 5, 5, 0),
(1900, 14, 149, 3, 3, 0),
(1901, 14, 150, 3, 3, 0),
(1902, 14, 151, 5, 5, 0),
(1903, 14, 152, 1, 1, 0),
(1904, 14, 153, 3, 3, 0),
(1905, 14, 154, 6, 6, 0),
(1906, 14, 155, 5, 5, 0),
(1907, 14, 156, 5, 5, 0),
(1908, 14, 157, 1, 1, 0),
(1909, 14, 158, 4, 4, 0),
(1910, 14, 159, 2, 2, 0),
(1911, 14, 160, 1, 1, 0),
(1912, 14, 161, 3, 3, 0),
(1913, 14, 162, 2, 2, 0),
(1914, 14, 163, 1, 1, 0),
(1915, 14, 164, 2, 2, 0),
(1916, 14, 165, 2, 2, 0),
(1917, 14, 166, 1, 1, 0),
(1918, 14, 167, 1, 1, 0),
(1919, 14, 168, 1, 1, 0),
(1920, 14, 169, 1, 1, 0),
(1921, 14, 170, 1, 1, 0),
(1922, 14, 171, 1, 1, 0),
(1923, 14, 172, 1, 1, 0),
(1924, 14, 173, 1, 1, 0),
(1925, 14, 174, 1, 1, 0),
(1926, 14, 175, 1, 1, 0),
(1927, 14, 176, 1, 1, 0),
(1928, 14, 177, 2, 2, 0),
(1929, 14, 178, 1, 1, 0),
(1930, 14, 179, 1, 1, 0),
(1931, 14, 180, 1, 1, 0),
(1932, 14, 181, 1, 1, 0),
(1933, 14, 182, 1, 1, 0),
(1934, 14, 183, 1, 1, 0),
(1935, 14, 184, 1, 1, 0),
(1936, 14, 185, 1, 1, 0),
(1937, 14, 186, 1, 1, 0),
(1938, 14, 187, 1, 1, 0),
(1939, 14, 188, 1, 1, 0),
(1940, 14, 189, 1, 1, 0),
(1941, 14, 190, 5, 5, 0),
(1942, 14, 191, 2, 2, 0),
(1943, 14, 192, 1, 1, 0),
(1944, 14, 193, 1, 1, 0),
(1945, 14, 194, 1, 1, 0),
(1946, 14, 195, 1, 1, 0),
(1947, 14, 196, 1, 1, 0),
(1948, 14, 197, 6, 6, 0),
(1949, 14, 198, 6, 6, 0),
(1950, 14, 199, 6, 6, 0),
(1951, 14, 200, 6, 6, 0),
(1952, 14, 201, 5, 5, 0),
(1953, 14, 202, 4, 4, 0),
(1954, 14, 203, 1, 1, 0),
(1955, 14, 204, 12, 12, 0),
(1956, 14, 205, 11, 11, 0),
(1957, 14, 206, 4, 4, 0),
(1958, 14, 207, 1, 1, 0),
(1959, 14, 208, 1, 1, 0),
(1960, 14, 209, 7, 7, 0),
(1961, 14, 210, 6, 6, 0),
(1962, 14, 211, 6, 6, 0),
(1963, 14, 212, 10, 10, 0),
(1964, 14, 213, 5, 5, 0),
(1965, 14, 214, 1, 1, 0),
(1966, 14, 215, 7, 7, 0),
(1967, 14, 216, 9, 9, 0),
(1968, 14, 217, 1, 1, 0),
(1969, 14, 218, 1, 1, 0),
(1970, 14, 219, 2, 2, 0),
(1971, 14, 220, 1, 1, 0),
(1972, 14, 221, 1, 1, 0),
(1973, 14, 222, 1, 1, 0),
(1974, 14, 223, 1, 1, 0),
(1975, 14, 224, 1, 1, 0),
(1976, 14, 225, 1, 1, 0),
(1977, 14, 226, 1, 1, 0),
(1978, 14, 227, 1, 1, 0),
(1979, 14, 228, 2, 2, 0),
(1980, 14, 229, 5, 5, 0),
(1981, 14, 230, 1, 1, 0),
(1982, 14, 231, 2, 2, 0),
(1983, 14, 232, 2, 2, 0),
(1984, 14, 233, 2, 2, 0),
(1985, 14, 234, 2, 2, 0),
(1986, 14, 235, 2, 2, 0),
(1987, 14, 236, 4, 4, 0),
(1988, 14, 237, 2, 2, 0),
(1989, 14, 238, 3, 3, 0),
(1990, 14, 239, 7, 7, 0),
(1991, 14, 240, 9, 9, 0),
(1992, 14, 241, 5, 5, 0),
(1993, 14, 242, 9, 9, 0),
(1994, 14, 243, 1, 1, 0),
(1995, 14, 244, 10, 10, 0),
(1996, 14, 245, 9, 9, 0),
(1997, 14, 246, 1, 1, 0),
(1998, 14, 247, 1, 1, 0),
(1999, 14, 248, 1, 1, 0),
(2000, 14, 249, 1, 1, 0),
(2001, 14, 250, 1, 1, NULL),
(2002, 15, 1, 5, 5, 0),
(2003, 15, 2, 4, 4, 0),
(2004, 15, 4, 3, 3, 0),
(2005, 15, 3, 5, 5, 0),
(2006, 15, 5, 3, 3, 0),
(2007, 15, 6, 2, 2, 0),
(2008, 15, 7, 1, 1, 0),
(2009, 15, 8, 1, 1, 0),
(2010, 15, 9, 1, 1, 0),
(2011, 15, 10, 19, 19, 0),
(2012, 15, 11, 1, 1, 0),
(2013, 15, 12, 2, 2, 0),
(2014, 15, 13, 1, 1, 0),
(2015, 15, 14, 1, 1, 0),
(2016, 15, 15, 6, 6, 0),
(2017, 15, 16, 8, 8, 0),
(2018, 15, 17, 1, 1, 0),
(2019, 15, 18, 1, 1, 0),
(2020, 15, 19, 1, 1, 0),
(2021, 15, 20, 1, 1, 0),
(2022, 15, 21, 2, 2, 0),
(2023, 15, 22, 1, 1, 0),
(2024, 15, 23, 1, 1, 0),
(2025, 15, 24, 1, 1, 0),
(2026, 15, 25, 1, 1, 0),
(2027, 15, 26, 1, 1, 0),
(2028, 15, 27, 3, 3, 0),
(2029, 15, 28, 2, 2, 0),
(2030, 15, 29, 3, 3, 0),
(2031, 15, 30, 3, 3, 0),
(2032, 15, 31, 1, 1, 0),
(2033, 15, 32, 2, 2, 0),
(2034, 15, 33, 1, 1, 0),
(2035, 15, 34, 1, 1, 0),
(2036, 15, 35, 1, 1, 0),
(2037, 15, 36, 2, 2, 0),
(2038, 15, 37, 2, 2, 0),
(2039, 15, 38, 1, 1, 0),
(2040, 15, 39, 2, 2, 0),
(2041, 15, 40, 2, 2, 0),
(2042, 15, 41, 1, 1, 0),
(2043, 15, 42, 2, 2, 0),
(2044, 15, 43, 1, 1, 0),
(2045, 15, 44, 1, 1, 0),
(2046, 15, 45, 1, 1, 0),
(2047, 15, 46, 1, 1, 0),
(2048, 15, 47, 1, 1, 0),
(2049, 15, 48, 1, 1, 0),
(2050, 15, 49, 1, 1, 0),
(2051, 15, 50, 1, 1, 0),
(2052, 15, 51, 1, 1, 0),
(2053, 15, 52, 1, 1, 0),
(2054, 15, 53, 1, 1, 0),
(2055, 15, 54, 1, 1, 0),
(2056, 15, 55, 1, 1, 0),
(2057, 15, 56, 1, 1, 0),
(2058, 15, 57, 1, 1, 0),
(2059, 15, 58, 1, 1, 0),
(2060, 15, 59, 1, 1, 0),
(2061, 15, 60, 1, 1, 0),
(2062, 15, 61, 1, 1, 0),
(2063, 15, 62, 1, 1, 0),
(2064, 15, 63, 1, 1, 0),
(2065, 15, 64, 1, 1, 0),
(2066, 15, 65, 1, 1, 0),
(2067, 15, 66, 1, 1, 0),
(2068, 15, 67, 1, 1, 0),
(2069, 15, 68, 1, 1, 0),
(2070, 15, 69, 1, 1, 0),
(2071, 15, 70, 1, 1, 0),
(2072, 15, 71, 1, 1, 0),
(2073, 15, 72, 2, 2, 0),
(2074, 15, 73, 1, 1, 0),
(2075, 15, 74, 2, 2, 0),
(2076, 15, 75, 2, 2, 0),
(2077, 15, 76, 1, 1, 0),
(2078, 15, 77, 1, 1, 0),
(2079, 15, 78, 1, 1, 0),
(2080, 15, 79, 1, 1, 0),
(2081, 15, 80, 1, 1, 0),
(2082, 15, 81, 1, 1, 0),
(2083, 15, 82, 1, 1, 0),
(2084, 15, 83, 1, 1, 0),
(2085, 15, 84, 1, 1, 0),
(2086, 15, 85, 1, 1, 0),
(2087, 15, 86, 1, 1, 0),
(2088, 15, 87, 1, 1, 0),
(2089, 15, 88, 1, 1, 0),
(2090, 15, 89, 1, 1, 0),
(2091, 15, 90, 2, 2, 0),
(2092, 15, 91, 1, 1, 0),
(2093, 15, 92, 1, 1, 0),
(2094, 15, 93, 1, 1, 0),
(2095, 15, 94, 1, 1, 0),
(2096, 15, 95, 2, 2, 0),
(2097, 15, 96, 2, 2, 0),
(2098, 15, 97, 2, 2, 0),
(2099, 15, 98, 2, 2, 0),
(2100, 15, 99, 4, 4, 0),
(2101, 15, 100, 5, 5, 0),
(2102, 15, 101, 4, 4, 0),
(2103, 15, 102, 5, 5, 0),
(2104, 15, 103, 2, 2, 0),
(2105, 15, 104, 2, 2, 0),
(2106, 15, 105, 1, 1, 0),
(2107, 15, 106, 1, 1, 0),
(2108, 15, 107, 1, 1, 0),
(2109, 15, 108, 1, 1, 0),
(2110, 15, 109, 2, 2, 0),
(2111, 15, 110, 3, 3, 0),
(2112, 15, 111, 4, 4, 0),
(2113, 15, 112, 2, 2, 0),
(2114, 15, 113, 1, 1, 0),
(2115, 15, 114, 1, 1, 0),
(2116, 15, 115, 1, 1, 0),
(2117, 15, 116, 3, 3, 0),
(2118, 15, 117, 2, 2, 0),
(2119, 15, 118, 4, 4, 0),
(2120, 15, 119, 1, 1, 0),
(2121, 15, 120, 9, 9, 0),
(2122, 15, 121, 12, 12, 0),
(2123, 15, 122, 1, 1, 0),
(2124, 15, 123, 11, 11, 0),
(2125, 15, 124, 1, 1, 0),
(2126, 15, 125, 1, 1, 0),
(2127, 15, 126, 2, 2, 0),
(2128, 15, 127, 2, 2, 0),
(2129, 15, 128, 5, 5, 0),
(2130, 15, 129, 3, 3, 0),
(2131, 15, 130, 2, 2, 0),
(2132, 15, 131, 1, 1, 0),
(2133, 15, 132, 1, 1, 0),
(2134, 15, 133, 2, 2, 0),
(2135, 15, 134, 1, 1, 0),
(2136, 15, 135, 8, 8, 0),
(2137, 15, 136, 2, 2, 0),
(2138, 15, 137, 2, 2, 0),
(2139, 15, 138, 6, 6, 0),
(2140, 15, 139, 4, 4, 0),
(2141, 15, 140, 4, 4, 0),
(2142, 15, 141, 2, 2, 0),
(2143, 15, 142, 3, 3, 0),
(2144, 15, 143, 5, 5, 0),
(2145, 15, 144, 4, 4, 0),
(2146, 15, 145, 3, 3, 0),
(2147, 15, 146, 4, 4, 0),
(2148, 15, 147, 3, 3, 0),
(2149, 15, 148, 5, 5, 0),
(2150, 15, 149, 3, 3, 0),
(2151, 15, 150, 3, 3, 0),
(2152, 15, 151, 5, 5, 0),
(2153, 15, 152, 1, 1, 0),
(2154, 15, 153, 3, 3, 0),
(2155, 15, 154, 6, 6, 0),
(2156, 15, 155, 5, 5, 0),
(2157, 15, 156, 5, 5, 0),
(2158, 15, 157, 1, 1, 0),
(2159, 15, 158, 4, 4, 0),
(2160, 15, 159, 2, 2, 0),
(2161, 15, 160, 1, 1, 0),
(2162, 15, 161, 3, 3, 0),
(2163, 15, 162, 2, 2, 0),
(2164, 15, 163, 1, 1, 0),
(2165, 15, 164, 2, 2, 0),
(2166, 15, 165, 2, 2, 0),
(2167, 15, 166, 1, 1, 0),
(2168, 15, 167, 1, 1, 0),
(2169, 15, 168, 1, 1, 0),
(2170, 15, 169, 1, 1, 0),
(2171, 15, 170, 1, 1, 0),
(2172, 15, 171, 1, 1, 0),
(2173, 15, 172, 1, 1, 0),
(2174, 15, 173, 1, 1, 0),
(2175, 15, 174, 1, 1, 0),
(2176, 15, 175, 1, 1, 0),
(2177, 15, 176, 1, 1, 0),
(2178, 15, 177, 2, 2, 0),
(2179, 15, 178, 1, 1, 0),
(2180, 15, 179, 1, 1, 0),
(2181, 15, 180, 1, 1, 0),
(2182, 15, 181, 1, 1, 0),
(2183, 15, 182, 1, 1, 0),
(2184, 15, 183, 1, 1, 0),
(2185, 15, 184, 1, 1, 0),
(2186, 15, 185, 1, 1, 0),
(2187, 15, 186, 1, 1, 0),
(2188, 15, 187, 1, 1, 0),
(2189, 15, 188, 1, 1, 0),
(2190, 15, 189, 1, 1, 0),
(2191, 15, 190, 5, 5, 0),
(2192, 15, 191, 2, 2, 0);
INSERT INTO `ajustes_productos` (`id`, `ajuste_id`, `producto_id`, `stock_bd`, `stock_fisico`, `diferencia_stock`) VALUES
(2193, 15, 192, 1, 1, 0),
(2194, 15, 193, 1, 1, 0),
(2195, 15, 194, 1, 1, 0),
(2196, 15, 195, 1, 1, 0),
(2197, 15, 196, 1, 1, 0),
(2198, 15, 197, 6, 6, 0),
(2199, 15, 198, 6, 6, 0),
(2200, 15, 199, 6, 6, 0),
(2201, 15, 200, 6, 6, 0),
(2202, 15, 201, 5, 5, 0),
(2203, 15, 202, 4, 4, 0),
(2204, 15, 203, 1, 1, 0),
(2205, 15, 204, 12, 12, 0),
(2206, 15, 205, 11, 11, 0),
(2207, 15, 206, 4, 4, 0),
(2208, 15, 207, 1, 1, 0),
(2209, 15, 208, 1, 1, 0),
(2210, 15, 209, 7, 7, 0),
(2211, 15, 210, 6, 6, 0),
(2212, 15, 211, 6, 6, 0),
(2213, 15, 212, 10, 10, 0),
(2214, 15, 213, 5, 5, 0),
(2215, 15, 214, 1, 1, 0),
(2216, 15, 215, 7, 7, 0),
(2217, 15, 216, 9, 9, 0),
(2218, 15, 217, 1, 1, 0),
(2219, 15, 218, 1, 1, 0),
(2220, 15, 219, 2, 2, 0),
(2221, 15, 220, 1, 1, 0),
(2222, 15, 221, 1, 1, 0),
(2223, 15, 222, 1, 1, 0),
(2224, 15, 223, 1, 1, 0),
(2225, 15, 224, 1, 1, 0),
(2226, 15, 225, 1, 1, 0),
(2227, 15, 226, 1, 1, 0),
(2228, 15, 227, 1, 1, 0),
(2229, 15, 228, 2, 2, 0),
(2230, 15, 229, 5, 5, 0),
(2231, 15, 230, 1, 1, 0),
(2232, 15, 231, 2, 2, 0),
(2233, 15, 232, 2, 2, 0),
(2234, 15, 233, 2, 2, 0),
(2235, 15, 234, 2, 2, 0),
(2236, 15, 235, 2, 2, 0),
(2237, 15, 236, 4, 4, 0),
(2238, 15, 237, 2, 2, 0),
(2239, 15, 238, 3, 3, 0),
(2240, 15, 239, 7, 7, 0),
(2241, 15, 240, 9, 9, 0),
(2242, 15, 241, 5, 5, 0),
(2243, 15, 242, 9, 9, 0),
(2244, 15, 243, 1, 1, 0),
(2245, 15, 244, 10, 10, 0),
(2246, 15, 245, 9, 9, 0),
(2247, 15, 246, 1, 1, 0),
(2248, 15, 247, 1, 1, 0),
(2249, 15, 248, 1, 1, 0),
(2250, 15, 249, 1, 1, 0),
(2251, 15, 250, 1, 1, NULL),
(2252, 16, 1, 5, 5, 0),
(2253, 16, 2, 4, 4, 0),
(2254, 16, 4, 3, 3, 0),
(2255, 16, 3, 5, 5, 0),
(2256, 16, 5, 3, 3, 0),
(2257, 16, 6, 2, 2, 0),
(2258, 16, 7, 1, 1, 0),
(2259, 16, 8, 1, 1, 0),
(2260, 16, 9, 1, 1, 0),
(2261, 16, 10, 19, 19, 0),
(2262, 16, 11, 1, 1, 0),
(2263, 16, 12, 2, 2, 0),
(2264, 16, 13, 1, 1, 0),
(2265, 16, 14, 1, 1, 0),
(2266, 16, 15, 6, 6, 0),
(2267, 16, 16, 8, 8, 0),
(2268, 16, 17, 1, 1, 0),
(2269, 16, 18, 1, 1, 0),
(2270, 16, 19, 1, 1, 0),
(2271, 16, 20, 1, 1, 0),
(2272, 16, 21, 2, 2, 0),
(2273, 16, 22, 1, 1, 0),
(2274, 16, 23, 1, 1, 0),
(2275, 16, 24, 1, 1, 0),
(2276, 16, 25, 1, 1, 0),
(2277, 16, 26, 1, 1, 0),
(2278, 16, 27, 3, 3, 0),
(2279, 16, 28, 2, 2, 0),
(2280, 16, 29, 3, 3, 0),
(2281, 16, 30, 3, 3, 0),
(2282, 16, 31, 1, 1, 0),
(2283, 16, 32, 2, 2, 0),
(2284, 16, 33, 1, 1, 0),
(2285, 16, 34, 1, 1, 0),
(2286, 16, 35, 1, 1, 0),
(2287, 16, 36, 2, 2, 0),
(2288, 16, 37, 2, 2, 0),
(2289, 16, 38, 1, 1, 0),
(2290, 16, 39, 2, 2, 0),
(2291, 16, 40, 2, 2, 0),
(2292, 16, 41, 1, 1, 0),
(2293, 16, 42, 2, 2, 0),
(2294, 16, 43, 1, 1, 0),
(2295, 16, 44, 1, 1, 0),
(2296, 16, 45, 1, 1, 0),
(2297, 16, 46, 1, 1, 0),
(2298, 16, 47, 1, 1, 0),
(2299, 16, 48, 1, 1, 0),
(2300, 16, 49, 1, 1, 0),
(2301, 16, 50, 1, 1, 0),
(2302, 16, 51, 1, 1, 0),
(2303, 16, 52, 1, 1, 0),
(2304, 16, 53, 1, 1, 0),
(2305, 16, 54, 1, 1, 0),
(2306, 16, 55, 1, 1, 0),
(2307, 16, 56, 1, 1, 0),
(2308, 16, 57, 1, 1, 0),
(2309, 16, 58, 1, 1, 0),
(2310, 16, 59, 1, 1, 0),
(2311, 16, 60, 1, 1, 0),
(2312, 16, 61, 1, 1, 0),
(2313, 16, 62, 1, 1, 0),
(2314, 16, 63, 1, 1, 0),
(2315, 16, 64, 1, 1, 0),
(2316, 16, 65, 1, 1, 0),
(2317, 16, 66, 1, 1, 0),
(2318, 16, 67, 1, 1, 0),
(2319, 16, 68, 1, 1, 0),
(2320, 16, 69, 1, 1, 0),
(2321, 16, 70, 1, 1, 0),
(2322, 16, 71, 1, 1, 0),
(2323, 16, 72, 2, 2, 0),
(2324, 16, 73, 1, 1, 0),
(2325, 16, 74, 2, 2, 0),
(2326, 16, 75, 2, 2, 0),
(2327, 16, 76, 1, 1, 0),
(2328, 16, 77, 1, 1, 0),
(2329, 16, 78, 1, 1, 0),
(2330, 16, 79, 1, 1, 0),
(2331, 16, 80, 1, 1, 0),
(2332, 16, 81, 1, 1, 0),
(2333, 16, 82, 1, 1, 0),
(2334, 16, 83, 1, 1, 0),
(2335, 16, 84, 1, 1, 0),
(2336, 16, 85, 1, 1, 0),
(2337, 16, 86, 1, 1, 0),
(2338, 16, 87, 1, 1, 0),
(2339, 16, 88, 1, 1, 0),
(2340, 16, 89, 1, 1, 0),
(2341, 16, 90, 2, 2, 0),
(2342, 16, 91, 1, 1, 0),
(2343, 16, 92, 1, 1, 0),
(2344, 16, 93, 1, 1, 0),
(2345, 16, 94, 1, 1, 0),
(2346, 16, 95, 2, 2, 0),
(2347, 16, 96, 2, 2, 0),
(2348, 16, 97, 2, 2, 0),
(2349, 16, 98, 2, 2, 0),
(2350, 16, 99, 4, 4, 0),
(2351, 16, 100, 5, 5, 0),
(2352, 16, 101, 4, 4, 0),
(2353, 16, 102, 5, 5, 0),
(2354, 16, 103, 2, 2, 0),
(2355, 16, 104, 2, 2, 0),
(2356, 16, 105, 1, 1, 0),
(2357, 16, 106, 1, 1, 0),
(2358, 16, 107, 1, 1, 0),
(2359, 16, 108, 1, 1, 0),
(2360, 16, 109, 2, 2, 0),
(2361, 16, 110, 3, 3, 0),
(2362, 16, 111, 4, 4, 0),
(2363, 16, 112, 2, 2, 0),
(2364, 16, 113, 1, 1, 0),
(2365, 16, 114, 1, 1, 0),
(2366, 16, 115, 1, 1, 0),
(2367, 16, 116, 3, 3, 0),
(2368, 16, 117, 2, 2, 0),
(2369, 16, 118, 4, 4, 0),
(2370, 16, 119, 1, 1, 0),
(2371, 16, 120, 9, 9, 0),
(2372, 16, 121, 12, 12, 0),
(2373, 16, 122, 1, 1, 0),
(2374, 16, 123, 11, 11, 0),
(2375, 16, 124, 1, 1, 0),
(2376, 16, 125, 1, 1, 0),
(2377, 16, 126, 2, 2, 0),
(2378, 16, 127, 2, 2, 0),
(2379, 16, 128, 5, 5, 0),
(2380, 16, 129, 3, 3, 0),
(2381, 16, 130, 2, 2, 0),
(2382, 16, 131, 1, 1, 0),
(2383, 16, 132, 1, 1, 0),
(2384, 16, 133, 2, 2, 0),
(2385, 16, 134, 1, 1, 0),
(2386, 16, 135, 8, 8, 0),
(2387, 16, 136, 2, 2, 0),
(2388, 16, 137, 2, 2, 0),
(2389, 16, 138, 6, 6, 0),
(2390, 16, 139, 4, 4, 0),
(2391, 16, 140, 4, 4, 0),
(2392, 16, 141, 2, 2, 0),
(2393, 16, 142, 3, 3, 0),
(2394, 16, 143, 5, 5, 0),
(2395, 16, 144, 4, 4, 0),
(2396, 16, 145, 3, 3, 0),
(2397, 16, 146, 4, 4, 0),
(2398, 16, 147, 3, 3, 0),
(2399, 16, 148, 5, 5, 0),
(2400, 16, 149, 3, 3, 0),
(2401, 16, 150, 3, 3, 0),
(2402, 16, 151, 5, 5, 0),
(2403, 16, 152, 1, 1, 0),
(2404, 16, 153, 3, 3, 0),
(2405, 16, 154, 6, 6, 0),
(2406, 16, 155, 5, 5, 0),
(2407, 16, 156, 5, 5, 0),
(2408, 16, 157, 1, 1, 0),
(2409, 16, 158, 4, 4, 0),
(2410, 16, 159, 2, 2, 0),
(2411, 16, 160, 1, 1, 0),
(2412, 16, 161, 3, 3, 0),
(2413, 16, 162, 2, 2, 0),
(2414, 16, 163, 1, 1, 0),
(2415, 16, 164, 2, 2, 0),
(2416, 16, 165, 2, 2, 0),
(2417, 16, 166, 1, 1, 0),
(2418, 16, 167, 1, 1, 0),
(2419, 16, 168, 1, 1, 0),
(2420, 16, 169, 1, 1, 0),
(2421, 16, 170, 1, 1, 0),
(2422, 16, 171, 1, 1, 0),
(2423, 16, 172, 1, 1, 0),
(2424, 16, 173, 1, 1, 0),
(2425, 16, 174, 1, 1, 0),
(2426, 16, 175, 1, 1, 0),
(2427, 16, 176, 1, 1, 0),
(2428, 16, 177, 2, 2, 0),
(2429, 16, 178, 1, 1, 0),
(2430, 16, 179, 1, 1, 0),
(2431, 16, 180, 1, 1, 0),
(2432, 16, 181, 1, 1, 0),
(2433, 16, 182, 1, 1, 0),
(2434, 16, 183, 1, 1, 0),
(2435, 16, 184, 1, 1, 0),
(2436, 16, 185, 1, 1, 0),
(2437, 16, 186, 1, 1, 0),
(2438, 16, 187, 1, 1, 0),
(2439, 16, 188, 1, 1, 0),
(2440, 16, 189, 1, 1, 0),
(2441, 16, 190, 5, 5, 0),
(2442, 16, 191, 2, 2, 0),
(2443, 16, 192, 1, 1, 0),
(2444, 16, 193, 1, 1, 0),
(2445, 16, 194, 1, 1, 0),
(2446, 16, 195, 1, 1, 0),
(2447, 16, 196, 1, 1, 0),
(2448, 16, 197, 6, 6, 0),
(2449, 16, 198, 6, 6, 0),
(2450, 16, 199, 6, 6, 0),
(2451, 16, 200, 6, 6, 0),
(2452, 16, 201, 5, 5, 0),
(2453, 16, 202, 4, 4, 0),
(2454, 16, 203, 1, 1, 0),
(2455, 16, 204, 12, 12, 0),
(2456, 16, 205, 11, 11, 0),
(2457, 16, 206, 4, 4, 0),
(2458, 16, 207, 1, 1, 0),
(2459, 16, 208, 1, 1, 0),
(2460, 16, 209, 7, 7, 0),
(2461, 16, 210, 6, 6, 0),
(2462, 16, 211, 6, 6, 0),
(2463, 16, 212, 10, 10, 0),
(2464, 16, 213, 5, 5, 0),
(2465, 16, 214, 1, 1, 0),
(2466, 16, 215, 7, 7, 0),
(2467, 16, 216, 9, 9, 0),
(2468, 16, 217, 1, 1, 0),
(2469, 16, 218, 1, 1, 0),
(2470, 16, 219, 2, 2, 0),
(2471, 16, 220, 1, 1, 0),
(2472, 16, 221, 1, 1, 0),
(2473, 16, 222, 1, 1, 0),
(2474, 16, 223, 1, 1, 0),
(2475, 16, 224, 1, 1, 0),
(2476, 16, 225, 1, 1, 0),
(2477, 16, 226, 1, 1, 0),
(2478, 16, 227, 1, 1, 0),
(2479, 16, 228, 2, 2, 0),
(2480, 16, 229, 5, 5, 0),
(2481, 16, 230, 1, 1, 0),
(2482, 16, 231, 2, 2, 0),
(2483, 16, 232, 2, 2, 0),
(2484, 16, 233, 2, 2, 0),
(2485, 16, 234, 2, 2, 0),
(2486, 16, 235, 2, 2, 0),
(2487, 16, 236, 4, 4, 0),
(2488, 16, 237, 2, 2, 0),
(2489, 16, 238, 3, 3, 0),
(2490, 16, 239, 7, 7, 0),
(2491, 16, 240, 9, 9, 0),
(2492, 16, 241, 5, 5, 0),
(2493, 16, 242, 9, 9, 0),
(2494, 16, 243, 1, 1, 0),
(2495, 16, 244, 10, 10, 0),
(2496, 16, 245, 9, 9, 0),
(2497, 16, 246, 1, 1, 0),
(2498, 16, 247, 1, 1, 0),
(2499, 16, 248, 1, 1, 0),
(2500, 16, 249, 1, 1, 0),
(2501, 16, 250, 1, 1, NULL),
(2502, 17, 1, 5, 5, 0),
(2503, 17, 2, 4, 4, 0),
(2504, 17, 4, 3, 3, 0),
(2505, 17, 3, 5, 5, 0),
(2506, 17, 5, 3, 3, 0),
(2507, 17, 6, 2, 2, 0),
(2508, 17, 7, 1, 1, 0),
(2509, 17, 8, 1, 1, 0),
(2510, 17, 9, 1, 1, 0),
(2511, 17, 10, 19, 19, 0),
(2512, 17, 11, 1, 1, 0),
(2513, 17, 12, 2, 2, 0),
(2514, 17, 13, 1, 1, 0),
(2515, 17, 14, 1, 1, 0),
(2516, 17, 15, 6, 6, 0),
(2517, 17, 16, 8, 8, 0),
(2518, 17, 17, 1, 1, 0),
(2519, 17, 18, 1, 1, 0),
(2520, 17, 19, 1, 1, 0),
(2521, 17, 20, 1, 1, 0),
(2522, 17, 21, 2, 2, 0),
(2523, 17, 22, 1, 1, 0),
(2524, 17, 23, 1, 1, 0),
(2525, 17, 24, 1, 1, 0),
(2526, 17, 25, 1, 1, 0),
(2527, 17, 26, 1, 1, 0),
(2528, 17, 27, 3, 3, 0),
(2529, 17, 28, 2, 2, 0),
(2530, 17, 29, 3, 3, 0),
(2531, 17, 30, 3, 3, 0),
(2532, 17, 31, 1, 1, 0),
(2533, 17, 32, 2, 2, 0),
(2534, 17, 33, 1, 1, 0),
(2535, 17, 34, 1, 1, 0),
(2536, 17, 35, 1, 1, 0),
(2537, 17, 36, 2, 2, 0),
(2538, 17, 37, 2, 2, 0),
(2539, 17, 38, 1, 1, 0),
(2540, 17, 39, 2, 2, 0),
(2541, 17, 40, 2, 2, 0),
(2542, 17, 41, 1, 1, 0),
(2543, 17, 42, 2, 2, 0),
(2544, 17, 43, 1, 1, 0),
(2545, 17, 44, 1, 1, 0),
(2546, 17, 45, 1, 1, 0),
(2547, 17, 46, 1, 1, 0),
(2548, 17, 47, 1, 1, 0),
(2549, 17, 48, 1, 1, 0),
(2550, 17, 49, 1, 1, 0),
(2551, 17, 50, 1, 1, 0),
(2552, 17, 51, 1, 1, 0),
(2553, 17, 52, 1, 1, 0),
(2554, 17, 53, 1, 1, 0),
(2555, 17, 54, 1, 1, 0),
(2556, 17, 55, 1, 1, 0),
(2557, 17, 56, 1, 1, 0),
(2558, 17, 57, 1, 1, 0),
(2559, 17, 58, 1, 1, 0),
(2560, 17, 59, 1, 1, 0),
(2561, 17, 60, 1, 1, 0),
(2562, 17, 61, 1, 1, 0),
(2563, 17, 62, 1, 1, 0),
(2564, 17, 63, 1, 1, 0),
(2565, 17, 64, 1, 1, 0),
(2566, 17, 65, 1, 1, 0),
(2567, 17, 66, 1, 1, 0),
(2568, 17, 67, 1, 1, 0),
(2569, 17, 68, 1, 1, 0),
(2570, 17, 69, 1, 1, 0),
(2571, 17, 70, 1, 1, 0),
(2572, 17, 71, 1, 1, 0),
(2573, 17, 72, 2, 2, 0),
(2574, 17, 73, 1, 1, 0),
(2575, 17, 74, 2, 2, 0),
(2576, 17, 75, 2, 2, 0),
(2577, 17, 76, 1, 1, 0),
(2578, 17, 77, 1, 1, 0),
(2579, 17, 78, 1, 1, 0),
(2580, 17, 79, 1, 1, 0),
(2581, 17, 80, 1, 1, 0),
(2582, 17, 81, 1, 1, 0),
(2583, 17, 82, 1, 1, 0),
(2584, 17, 83, 1, 1, 0),
(2585, 17, 84, 1, 1, 0),
(2586, 17, 85, 1, 1, 0),
(2587, 17, 86, 1, 1, 0),
(2588, 17, 87, 1, 1, 0),
(2589, 17, 88, 1, 1, 0),
(2590, 17, 89, 1, 1, 0),
(2591, 17, 90, 2, 2, 0),
(2592, 17, 91, 1, 1, 0),
(2593, 17, 92, 1, 1, 0),
(2594, 17, 93, 1, 1, 0),
(2595, 17, 94, 1, 1, 0),
(2596, 17, 95, 2, 2, 0),
(2597, 17, 96, 2, 2, 0),
(2598, 17, 97, 2, 2, 0),
(2599, 17, 98, 2, 2, 0),
(2600, 17, 99, 4, 4, 0),
(2601, 17, 100, 5, 5, 0),
(2602, 17, 101, 4, 4, 0),
(2603, 17, 102, 5, 5, 0),
(2604, 17, 103, 2, 2, 0),
(2605, 17, 104, 2, 2, 0),
(2606, 17, 105, 1, 1, 0),
(2607, 17, 106, 1, 1, 0),
(2608, 17, 107, 1, 1, 0),
(2609, 17, 108, 1, 1, 0),
(2610, 17, 109, 2, 2, 0),
(2611, 17, 110, 3, 3, 0),
(2612, 17, 111, 4, 4, 0),
(2613, 17, 112, 2, 2, 0),
(2614, 17, 113, 1, 1, 0),
(2615, 17, 114, 1, 1, 0),
(2616, 17, 115, 1, 1, 0),
(2617, 17, 116, 3, 3, 0),
(2618, 17, 117, 2, 2, 0),
(2619, 17, 118, 4, 4, 0),
(2620, 17, 119, 1, 1, 0),
(2621, 17, 120, 9, 9, 0),
(2622, 17, 121, 12, 12, 0),
(2623, 17, 122, 1, 1, 0),
(2624, 17, 123, 11, 11, 0),
(2625, 17, 124, 1, 1, 0),
(2626, 17, 125, 1, 1, 0),
(2627, 17, 126, 2, 2, 0),
(2628, 17, 127, 2, 2, 0),
(2629, 17, 128, 5, 5, 0),
(2630, 17, 129, 3, 3, 0),
(2631, 17, 130, 2, 2, 0),
(2632, 17, 131, 1, 1, 0),
(2633, 17, 132, 1, 1, 0),
(2634, 17, 133, 2, 2, 0),
(2635, 17, 134, 1, 1, 0),
(2636, 17, 135, 8, 8, 0),
(2637, 17, 136, 2, 2, 0),
(2638, 17, 137, 2, 2, 0),
(2639, 17, 138, 6, 6, 0),
(2640, 17, 139, 4, 4, 0),
(2641, 17, 140, 4, 4, 0),
(2642, 17, 141, 2, 2, 0),
(2643, 17, 142, 3, 3, 0),
(2644, 17, 143, 5, 5, 0),
(2645, 17, 144, 4, 4, 0),
(2646, 17, 145, 3, 3, 0),
(2647, 17, 146, 4, 4, 0),
(2648, 17, 147, 3, 3, 0),
(2649, 17, 148, 5, 5, 0),
(2650, 17, 149, 3, 3, 0),
(2651, 17, 150, 3, 3, 0),
(2652, 17, 151, 5, 5, 0),
(2653, 17, 152, 1, 1, 0),
(2654, 17, 153, 3, 3, 0),
(2655, 17, 154, 6, 6, 0),
(2656, 17, 155, 5, 5, 0),
(2657, 17, 156, 5, 5, 0),
(2658, 17, 157, 1, 1, 0),
(2659, 17, 158, 4, 4, 0),
(2660, 17, 159, 2, 2, 0),
(2661, 17, 160, 1, 1, 0),
(2662, 17, 161, 3, 3, 0),
(2663, 17, 162, 2, 2, 0),
(2664, 17, 163, 1, 1, 0),
(2665, 17, 164, 2, 2, 0),
(2666, 17, 165, 2, 2, 0),
(2667, 17, 166, 1, 1, 0),
(2668, 17, 167, 1, 1, 0),
(2669, 17, 168, 1, 1, 0),
(2670, 17, 169, 1, 1, 0),
(2671, 17, 170, 1, 1, 0),
(2672, 17, 171, 1, 1, 0),
(2673, 17, 172, 1, 1, 0),
(2674, 17, 173, 1, 1, 0),
(2675, 17, 174, 1, 1, 0),
(2676, 17, 175, 1, 1, 0),
(2677, 17, 176, 1, 1, 0),
(2678, 17, 177, 2, 2, 0),
(2679, 17, 178, 1, 1, 0),
(2680, 17, 179, 1, 1, 0),
(2681, 17, 180, 1, 1, 0),
(2682, 17, 181, 1, 1, 0),
(2683, 17, 182, 1, 1, 0),
(2684, 17, 183, 1, 1, 0),
(2685, 17, 184, 1, 1, 0),
(2686, 17, 185, 1, 1, 0),
(2687, 17, 186, 1, 1, 0),
(2688, 17, 187, 1, 1, 0),
(2689, 17, 188, 1, 1, 0),
(2690, 17, 189, 1, 1, 0),
(2691, 17, 190, 5, 5, 0),
(2692, 17, 191, 2, 2, 0),
(2693, 17, 192, 1, 1, 0),
(2694, 17, 193, 1, 1, 0),
(2695, 17, 194, 1, 1, 0),
(2696, 17, 195, 1, 1, 0),
(2697, 17, 196, 1, 1, 0),
(2698, 17, 197, 6, 6, 0),
(2699, 17, 198, 6, 6, 0),
(2700, 17, 199, 6, 6, 0),
(2701, 17, 200, 6, 6, 0),
(2702, 17, 201, 5, 5, 0),
(2703, 17, 202, 4, 4, 0),
(2704, 17, 203, 1, 1, 0),
(2705, 17, 204, 12, 12, 0),
(2706, 17, 205, 11, 11, 0),
(2707, 17, 206, 4, 4, 0),
(2708, 17, 207, 1, 1, 0),
(2709, 17, 208, 1, 1, 0),
(2710, 17, 209, 7, 7, 0),
(2711, 17, 210, 6, 6, 0),
(2712, 17, 211, 6, 6, 0),
(2713, 17, 212, 10, 10, 0),
(2714, 17, 213, 5, 5, 0),
(2715, 17, 214, 1, 1, 0),
(2716, 17, 215, 7, 7, 0),
(2717, 17, 216, 9, 9, 0),
(2718, 17, 217, 1, 1, 0),
(2719, 17, 218, 1, 1, 0),
(2720, 17, 219, 2, 2, 0),
(2721, 17, 220, 1, 1, 0),
(2722, 17, 221, 1, 1, 0),
(2723, 17, 222, 1, 1, 0),
(2724, 17, 223, 1, 1, 0),
(2725, 17, 224, 1, 1, 0),
(2726, 17, 225, 1, 1, 0),
(2727, 17, 226, 1, 1, 0),
(2728, 17, 227, 1, 1, 0),
(2729, 17, 228, 2, 2, 0),
(2730, 17, 229, 5, 5, 0),
(2731, 17, 230, 1, 1, 0),
(2732, 17, 231, 2, 2, 0),
(2733, 17, 232, 2, 2, 0),
(2734, 17, 233, 2, 2, 0),
(2735, 17, 234, 2, 2, 0),
(2736, 17, 235, 2, 2, 0),
(2737, 17, 236, 4, 4, 0),
(2738, 17, 237, 2, 2, 0),
(2739, 17, 238, 3, 3, 0),
(2740, 17, 239, 7, 7, 0),
(2741, 17, 240, 9, 9, 0),
(2742, 17, 241, 5, 5, 0),
(2743, 17, 242, 9, 9, 0),
(2744, 17, 243, 1, 1, 0),
(2745, 17, 244, 10, 10, 0),
(2746, 17, 245, 9, 9, 0),
(2747, 17, 246, 1, 1, 0),
(2748, 17, 247, 1, 1, 0),
(2749, 17, 248, 1, 1, 0),
(2750, 17, 249, 1, 1, 0),
(2751, 17, 250, 1, 1, NULL),
(2752, 18, 1, 5, 5, 0),
(2753, 18, 2, 4, 4, 0),
(2754, 18, 4, 3, 3, 0),
(2755, 18, 3, 5, 5, 0),
(2756, 18, 5, 3, 3, 0),
(2757, 18, 6, 2, 2, 0),
(2758, 18, 7, 1, 1, 0),
(2759, 18, 8, 1, 1, 0),
(2760, 18, 9, 1, 1, 0),
(2761, 18, 10, 19, 19, 0),
(2762, 18, 11, 1, 1, 0),
(2763, 18, 12, 2, 2, 0),
(2764, 18, 13, 1, 1, 0),
(2765, 18, 14, 1, 1, 0),
(2766, 18, 15, 6, 6, 0),
(2767, 18, 16, 8, 8, 0),
(2768, 18, 17, 1, 1, 0),
(2769, 18, 18, 1, 1, 0),
(2770, 18, 19, 1, 1, 0),
(2771, 18, 20, 1, 1, 0),
(2772, 18, 21, 2, 2, 0),
(2773, 18, 22, 1, 1, 0),
(2774, 18, 23, 1, 1, 0),
(2775, 18, 24, 1, 1, 0),
(2776, 18, 25, 1, 1, 0),
(2777, 18, 26, 1, 1, 0),
(2778, 18, 27, 3, 3, 0),
(2779, 18, 28, 2, 2, 0),
(2780, 18, 29, 3, 3, 0),
(2781, 18, 30, 3, 3, 0),
(2782, 18, 31, 1, 1, 0),
(2783, 18, 32, 2, 2, 0),
(2784, 18, 33, 1, 1, 0),
(2785, 18, 34, 1, 1, 0),
(2786, 18, 35, 1, 1, 0),
(2787, 18, 36, 2, 2, 0),
(2788, 18, 37, 2, 2, 0),
(2789, 18, 38, 1, 1, 0),
(2790, 18, 39, 2, 2, 0),
(2791, 18, 40, 2, 2, 0),
(2792, 18, 41, 1, 1, 0),
(2793, 18, 42, 2, 2, 0),
(2794, 18, 43, 1, 1, 0),
(2795, 18, 44, 1, 1, 0),
(2796, 18, 45, 1, 1, 0),
(2797, 18, 46, 1, 1, 0),
(2798, 18, 47, 1, 1, 0),
(2799, 18, 48, 1, 1, 0),
(2800, 18, 49, 1, 1, 0),
(2801, 18, 50, 1, 1, 0),
(2802, 18, 51, 1, 1, 0),
(2803, 18, 52, 1, 1, 0),
(2804, 18, 53, 1, 1, 0),
(2805, 18, 54, 1, 1, 0),
(2806, 18, 55, 1, 1, 0),
(2807, 18, 56, 1, 1, 0),
(2808, 18, 57, 1, 1, 0),
(2809, 18, 58, 1, 1, 0),
(2810, 18, 59, 1, 1, 0),
(2811, 18, 60, 1, 1, 0),
(2812, 18, 61, 1, 1, 0),
(2813, 18, 62, 1, 1, 0),
(2814, 18, 63, 1, 1, 0),
(2815, 18, 64, 1, 1, 0),
(2816, 18, 65, 1, 1, 0),
(2817, 18, 66, 1, 1, 0),
(2818, 18, 67, 1, 1, 0),
(2819, 18, 68, 1, 1, 0),
(2820, 18, 69, 1, 1, 0),
(2821, 18, 70, 1, 1, 0),
(2822, 18, 71, 1, 1, 0),
(2823, 18, 72, 2, 2, 0),
(2824, 18, 73, 1, 1, 0),
(2825, 18, 74, 2, 2, 0),
(2826, 18, 75, 2, 2, 0),
(2827, 18, 76, 1, 1, 0),
(2828, 18, 77, 1, 1, 0),
(2829, 18, 78, 1, 1, 0),
(2830, 18, 79, 1, 1, 0),
(2831, 18, 80, 1, 1, 0),
(2832, 18, 81, 1, 1, 0),
(2833, 18, 82, 1, 1, 0),
(2834, 18, 83, 1, 1, 0),
(2835, 18, 84, 1, 1, 0),
(2836, 18, 85, 1, 1, 0),
(2837, 18, 86, 1, 1, 0),
(2838, 18, 87, 1, 1, 0),
(2839, 18, 88, 1, 1, 0),
(2840, 18, 89, 1, 1, 0),
(2841, 18, 90, 2, 2, 0),
(2842, 18, 91, 1, 1, 0),
(2843, 18, 92, 1, 1, 0),
(2844, 18, 93, 1, 1, 0),
(2845, 18, 94, 1, 1, 0),
(2846, 18, 95, 2, 2, 0),
(2847, 18, 96, 2, 2, 0),
(2848, 18, 97, 2, 2, 0),
(2849, 18, 98, 2, 2, 0),
(2850, 18, 99, 4, 4, 0),
(2851, 18, 100, 5, 5, 0),
(2852, 18, 101, 4, 4, 0),
(2853, 18, 102, 5, 5, 0),
(2854, 18, 103, 2, 2, 0),
(2855, 18, 104, 2, 2, 0),
(2856, 18, 105, 1, 1, 0),
(2857, 18, 106, 1, 1, 0),
(2858, 18, 107, 1, 1, 0),
(2859, 18, 108, 1, 1, 0),
(2860, 18, 109, 2, 2, 0),
(2861, 18, 110, 3, 3, 0),
(2862, 18, 111, 4, 4, 0),
(2863, 18, 112, 2, 2, 0),
(2864, 18, 113, 1, 1, 0),
(2865, 18, 114, 1, 1, 0),
(2866, 18, 115, 1, 1, 0),
(2867, 18, 116, 3, 3, 0),
(2868, 18, 117, 2, 2, 0),
(2869, 18, 118, 4, 4, 0),
(2870, 18, 119, 1, 1, 0),
(2871, 18, 120, 9, 9, 0),
(2872, 18, 121, 12, 12, 0),
(2873, 18, 122, 1, 1, 0),
(2874, 18, 123, 11, 11, 0),
(2875, 18, 124, 1, 1, 0),
(2876, 18, 125, 1, 1, 0),
(2877, 18, 126, 2, 2, 0),
(2878, 18, 127, 2, 2, 0),
(2879, 18, 128, 5, 5, 0),
(2880, 18, 129, 3, 3, 0),
(2881, 18, 130, 2, 2, 0),
(2882, 18, 131, 1, 1, 0),
(2883, 18, 132, 1, 1, 0),
(2884, 18, 133, 2, 2, 0),
(2885, 18, 134, 1, 1, 0),
(2886, 18, 135, 8, 8, 0),
(2887, 18, 136, 2, 2, 0),
(2888, 18, 137, 2, 2, 0),
(2889, 18, 138, 6, 6, 0),
(2890, 18, 139, 4, 4, 0),
(2891, 18, 140, 4, 4, 0),
(2892, 18, 141, 2, 2, 0),
(2893, 18, 142, 3, 3, 0),
(2894, 18, 143, 5, 5, 0),
(2895, 18, 144, 4, 4, 0),
(2896, 18, 145, 3, 3, 0),
(2897, 18, 146, 4, 4, 0),
(2898, 18, 147, 3, 3, 0),
(2899, 18, 148, 5, 5, 0),
(2900, 18, 149, 3, 3, 0),
(2901, 18, 150, 3, 3, 0),
(2902, 18, 151, 5, 5, 0),
(2903, 18, 152, 1, 1, 0),
(2904, 18, 153, 3, 3, 0),
(2905, 18, 154, 6, 6, 0),
(2906, 18, 155, 5, 5, 0),
(2907, 18, 156, 5, 5, 0),
(2908, 18, 157, 1, 1, 0),
(2909, 18, 158, 4, 4, 0),
(2910, 18, 159, 2, 2, 0),
(2911, 18, 160, 1, 1, 0),
(2912, 18, 161, 3, 3, 0),
(2913, 18, 162, 2, 2, 0),
(2914, 18, 163, 1, 1, 0),
(2915, 18, 164, 2, 2, 0),
(2916, 18, 165, 2, 2, 0),
(2917, 18, 166, 1, 1, 0),
(2918, 18, 167, 1, 1, 0),
(2919, 18, 168, 1, 1, 0),
(2920, 18, 169, 1, 1, 0),
(2921, 18, 170, 1, 1, 0),
(2922, 18, 171, 1, 1, 0),
(2923, 18, 172, 1, 1, 0),
(2924, 18, 173, 1, 1, 0),
(2925, 18, 174, 1, 1, 0),
(2926, 18, 175, 1, 1, 0),
(2927, 18, 176, 1, 1, 0),
(2928, 18, 177, 2, 2, 0),
(2929, 18, 178, 1, 1, 0),
(2930, 18, 179, 1, 1, 0),
(2931, 18, 180, 1, 1, 0),
(2932, 18, 181, 1, 1, 0),
(2933, 18, 182, 1, 1, 0),
(2934, 18, 183, 1, 1, 0),
(2935, 18, 184, 1, 1, 0),
(2936, 18, 185, 1, 1, 0),
(2937, 18, 186, 1, 1, 0),
(2938, 18, 187, 1, 1, 0),
(2939, 18, 188, 1, 1, 0),
(2940, 18, 189, 1, 1, 0),
(2941, 18, 190, 5, 5, 0),
(2942, 18, 191, 2, 2, 0),
(2943, 18, 192, 1, 1, 0),
(2944, 18, 193, 1, 1, 0),
(2945, 18, 194, 1, 1, 0),
(2946, 18, 195, 1, 1, 0),
(2947, 18, 196, 1, 1, 0),
(2948, 18, 197, 6, 6, 0),
(2949, 18, 198, 6, 6, 0),
(2950, 18, 199, 6, 6, 0),
(2951, 18, 200, 6, 6, 0),
(2952, 18, 201, 5, 5, 0),
(2953, 18, 202, 4, 4, 0),
(2954, 18, 203, 1, 1, 0),
(2955, 18, 204, 12, 12, 0),
(2956, 18, 205, 11, 11, 0),
(2957, 18, 206, 4, 4, 0),
(2958, 18, 207, 1, 1, 0),
(2959, 18, 208, 1, 1, 0),
(2960, 18, 209, 7, 7, 0),
(2961, 18, 210, 6, 6, 0),
(2962, 18, 211, 6, 6, 0),
(2963, 18, 212, 10, 10, 0),
(2964, 18, 213, 5, 5, 0),
(2965, 18, 214, 1, 1, 0),
(2966, 18, 215, 7, 7, 0),
(2967, 18, 216, 9, 9, 0),
(2968, 18, 217, 1, 1, 0),
(2969, 18, 218, 1, 1, 0),
(2970, 18, 219, 2, 2, 0),
(2971, 18, 220, 1, 1, 0),
(2972, 18, 221, 1, 1, 0),
(2973, 18, 222, 1, 1, 0),
(2974, 18, 223, 1, 1, 0),
(2975, 18, 224, 1, 1, 0),
(2976, 18, 225, 1, 1, 0),
(2977, 18, 226, 1, 1, 0),
(2978, 18, 227, 1, 1, 0),
(2979, 18, 228, 2, 2, 0),
(2980, 18, 229, 5, 5, 0),
(2981, 18, 230, 1, 1, 0),
(2982, 18, 231, 2, 2, 0),
(2983, 18, 232, 2, 2, 0),
(2984, 18, 233, 2, 2, 0),
(2985, 18, 234, 2, 2, 0),
(2986, 18, 235, 2, 2, 0),
(2987, 18, 236, 4, 4, 0),
(2988, 18, 237, 2, 2, 0),
(2989, 18, 238, 3, 3, 0),
(2990, 18, 239, 7, 7, 0),
(2991, 18, 240, 9, 9, 0),
(2992, 18, 241, 5, 5, 0),
(2993, 18, 242, 9, 9, 0),
(2994, 18, 243, 1, 1, 0),
(2995, 18, 244, 10, 10, 0),
(2996, 18, 245, 9, 9, 0),
(2997, 18, 246, 1, 1, 0),
(2998, 18, 247, 1, 1, 0),
(2999, 18, 248, 1, 1, 0),
(3000, 18, 249, 1, 1, 0),
(3001, 18, 250, 1, 1, NULL),
(3002, 19, 1, 5, 5, 0),
(3003, 19, 2, 4, 4, 0),
(3004, 19, 4, 3, 3, 0),
(3005, 19, 3, 5, 5, 0),
(3006, 19, 5, 3, 3, 0),
(3007, 19, 6, 2, 2, 0),
(3008, 19, 7, 1, 1, 0),
(3009, 19, 8, 1, 1, 0),
(3010, 19, 9, 1, 1, 0),
(3011, 19, 10, 19, 19, 0),
(3012, 19, 11, 1, 1, 0),
(3013, 19, 12, 2, 2, 0),
(3014, 19, 13, 1, 1, 0),
(3015, 19, 14, 1, 1, 0),
(3016, 19, 15, 6, 6, 0),
(3017, 19, 16, 8, 8, 0),
(3018, 19, 17, 1, 1, 0),
(3019, 19, 18, 1, 1, 0),
(3020, 19, 19, 1, 1, 0),
(3021, 19, 20, 1, 1, 0),
(3022, 19, 21, 2, 2, 0),
(3023, 19, 22, 1, 1, 0),
(3024, 19, 23, 1, 1, 0),
(3025, 19, 24, 1, 1, 0),
(3026, 19, 25, 1, 1, 0),
(3027, 19, 26, 1, 1, 0),
(3028, 19, 27, 3, 3, 0),
(3029, 19, 28, 2, 2, 0),
(3030, 19, 29, 3, 3, 0),
(3031, 19, 30, 3, 3, 0),
(3032, 19, 31, 1, 1, 0),
(3033, 19, 32, 2, 2, 0),
(3034, 19, 33, 1, 1, 0),
(3035, 19, 34, 1, 1, 0),
(3036, 19, 35, 1, 1, 0),
(3037, 19, 36, 2, 2, 0),
(3038, 19, 37, 2, 2, 0),
(3039, 19, 38, 1, 1, 0),
(3040, 19, 39, 2, 2, 0),
(3041, 19, 40, 2, 2, 0),
(3042, 19, 41, 1, 1, 0),
(3043, 19, 42, 2, 2, 0),
(3044, 19, 43, 1, 1, 0),
(3045, 19, 44, 1, 1, 0),
(3046, 19, 45, 1, 1, 0),
(3047, 19, 46, 1, 1, 0),
(3048, 19, 47, 1, 1, 0),
(3049, 19, 48, 1, 1, 0),
(3050, 19, 49, 1, 1, 0),
(3051, 19, 50, 1, 1, 0),
(3052, 19, 51, 1, 1, 0),
(3053, 19, 52, 1, 1, 0),
(3054, 19, 53, 1, 1, 0),
(3055, 19, 54, 1, 1, 0),
(3056, 19, 55, 1, 1, 0),
(3057, 19, 56, 1, 1, 0),
(3058, 19, 57, 1, 1, 0),
(3059, 19, 58, 1, 1, 0),
(3060, 19, 59, 1, 1, 0),
(3061, 19, 60, 1, 1, 0),
(3062, 19, 61, 1, 1, 0),
(3063, 19, 62, 1, 1, 0),
(3064, 19, 63, 1, 1, 0),
(3065, 19, 64, 1, 1, 0),
(3066, 19, 65, 1, 1, 0),
(3067, 19, 66, 1, 1, 0),
(3068, 19, 67, 1, 1, 0),
(3069, 19, 68, 1, 1, 0),
(3070, 19, 69, 1, 1, 0),
(3071, 19, 70, 1, 1, 0),
(3072, 19, 71, 1, 1, 0),
(3073, 19, 72, 2, 2, 0),
(3074, 19, 73, 1, 1, 0),
(3075, 19, 74, 2, 2, 0),
(3076, 19, 75, 2, 2, 0),
(3077, 19, 76, 1, 1, 0),
(3078, 19, 77, 1, 1, 0),
(3079, 19, 78, 1, 1, 0),
(3080, 19, 79, 1, 1, 0),
(3081, 19, 80, 1, 1, 0),
(3082, 19, 81, 1, 1, 0),
(3083, 19, 82, 1, 1, 0),
(3084, 19, 83, 1, 1, 0),
(3085, 19, 84, 1, 1, 0),
(3086, 19, 85, 1, 1, 0),
(3087, 19, 86, 1, 1, 0),
(3088, 19, 87, 1, 1, 0),
(3089, 19, 88, 1, 1, 0),
(3090, 19, 89, 1, 1, 0),
(3091, 19, 90, 2, 2, 0),
(3092, 19, 91, 1, 1, 0),
(3093, 19, 92, 1, 1, 0),
(3094, 19, 93, 1, 1, 0),
(3095, 19, 94, 1, 1, 0),
(3096, 19, 95, 2, 2, 0),
(3097, 19, 96, 2, 2, 0),
(3098, 19, 97, 2, 2, 0),
(3099, 19, 98, 2, 2, 0),
(3100, 19, 99, 4, 4, 0),
(3101, 19, 100, 5, 5, 0),
(3102, 19, 101, 4, 4, 0),
(3103, 19, 102, 5, 5, 0),
(3104, 19, 103, 2, 2, 0),
(3105, 19, 104, 2, 2, 0),
(3106, 19, 105, 1, 1, 0),
(3107, 19, 106, 1, 1, 0),
(3108, 19, 107, 1, 1, 0),
(3109, 19, 108, 1, 1, 0),
(3110, 19, 109, 2, 2, 0),
(3111, 19, 110, 3, 3, 0),
(3112, 19, 111, 4, 4, 0),
(3113, 19, 112, 2, 2, 0),
(3114, 19, 113, 1, 1, 0),
(3115, 19, 114, 1, 1, 0),
(3116, 19, 115, 1, 1, 0),
(3117, 19, 116, 3, 3, 0),
(3118, 19, 117, 2, 2, 0),
(3119, 19, 118, 4, 4, 0),
(3120, 19, 119, 1, 1, 0),
(3121, 19, 120, 9, 9, 0),
(3122, 19, 121, 12, 12, 0),
(3123, 19, 122, 1, 1, 0),
(3124, 19, 123, 11, 11, 0),
(3125, 19, 124, 1, 1, 0),
(3126, 19, 125, 1, 1, 0),
(3127, 19, 126, 2, 2, 0),
(3128, 19, 127, 2, 2, 0),
(3129, 19, 128, 5, 5, 0),
(3130, 19, 129, 3, 3, 0),
(3131, 19, 130, 2, 2, 0),
(3132, 19, 131, 1, 1, 0),
(3133, 19, 132, 1, 1, 0),
(3134, 19, 133, 2, 2, 0),
(3135, 19, 134, 1, 1, 0),
(3136, 19, 135, 8, 8, 0),
(3137, 19, 136, 2, 2, 0),
(3138, 19, 137, 2, 2, 0),
(3139, 19, 138, 6, 6, 0),
(3140, 19, 139, 4, 4, 0),
(3141, 19, 140, 4, 4, 0),
(3142, 19, 141, 2, 2, 0),
(3143, 19, 142, 3, 3, 0),
(3144, 19, 143, 5, 5, 0),
(3145, 19, 144, 4, 4, 0),
(3146, 19, 145, 3, 3, 0),
(3147, 19, 146, 4, 4, 0),
(3148, 19, 147, 3, 3, 0),
(3149, 19, 148, 5, 5, 0),
(3150, 19, 149, 3, 3, 0),
(3151, 19, 150, 3, 3, 0),
(3152, 19, 151, 5, 5, 0),
(3153, 19, 152, 1, 1, 0),
(3154, 19, 153, 3, 3, 0),
(3155, 19, 154, 6, 6, 0),
(3156, 19, 155, 5, 5, 0),
(3157, 19, 156, 5, 5, 0),
(3158, 19, 157, 1, 1, 0),
(3159, 19, 158, 4, 4, 0),
(3160, 19, 159, 2, 2, 0),
(3161, 19, 160, 1, 1, 0),
(3162, 19, 161, 3, 3, 0),
(3163, 19, 162, 2, 2, 0),
(3164, 19, 163, 1, 1, 0),
(3165, 19, 164, 2, 2, 0),
(3166, 19, 165, 2, 2, 0),
(3167, 19, 166, 1, 1, 0),
(3168, 19, 167, 1, 1, 0),
(3169, 19, 168, 1, 1, 0),
(3170, 19, 169, 1, 1, 0),
(3171, 19, 170, 1, 1, 0),
(3172, 19, 171, 1, 1, 0),
(3173, 19, 172, 1, 1, 0),
(3174, 19, 173, 1, 1, 0),
(3175, 19, 174, 1, 1, 0),
(3176, 19, 175, 1, 1, 0),
(3177, 19, 176, 1, 1, 0),
(3178, 19, 177, 2, 2, 0),
(3179, 19, 178, 1, 1, 0),
(3180, 19, 179, 1, 1, 0),
(3181, 19, 180, 1, 1, 0),
(3182, 19, 181, 1, 1, 0),
(3183, 19, 182, 1, 1, 0),
(3184, 19, 183, 1, 1, 0),
(3185, 19, 184, 1, 1, 0),
(3186, 19, 185, 1, 1, 0),
(3187, 19, 186, 1, 1, 0),
(3188, 19, 187, 1, 1, 0),
(3189, 19, 188, 1, 1, 0),
(3190, 19, 189, 1, 1, 0),
(3191, 19, 190, 5, 5, 0),
(3192, 19, 191, 2, 2, 0),
(3193, 19, 192, 1, 1, 0),
(3194, 19, 193, 1, 1, 0),
(3195, 19, 194, 1, 1, 0),
(3196, 19, 195, 1, 1, 0),
(3197, 19, 196, 1, 1, 0),
(3198, 19, 197, 6, 6, 0),
(3199, 19, 198, 6, 6, 0),
(3200, 19, 199, 6, 6, 0),
(3201, 19, 200, 6, 6, 0),
(3202, 19, 201, 5, 5, 0),
(3203, 19, 202, 4, 4, 0),
(3204, 19, 203, 1, 1, 0),
(3205, 19, 204, 12, 12, 0),
(3206, 19, 205, 11, 11, 0),
(3207, 19, 206, 4, 4, 0),
(3208, 19, 207, 1, 1, 0),
(3209, 19, 208, 1, 1, 0),
(3210, 19, 209, 7, 7, 0),
(3211, 19, 210, 6, 6, 0),
(3212, 19, 211, 6, 6, 0),
(3213, 19, 212, 10, 10, 0),
(3214, 19, 213, 5, 5, 0),
(3215, 19, 214, 1, 1, 0),
(3216, 19, 215, 7, 7, 0),
(3217, 19, 216, 9, 9, 0),
(3218, 19, 217, 1, 1, 0),
(3219, 19, 218, 1, 1, 0),
(3220, 19, 219, 2, 2, 0),
(3221, 19, 220, 1, 1, 0),
(3222, 19, 221, 1, 1, 0),
(3223, 19, 222, 1, 1, 0),
(3224, 19, 223, 1, 1, 0),
(3225, 19, 224, 1, 1, 0),
(3226, 19, 225, 1, 1, 0),
(3227, 19, 226, 1, 1, 0),
(3228, 19, 227, 1, 1, 0),
(3229, 19, 228, 2, 2, 0),
(3230, 19, 229, 5, 5, 0),
(3231, 19, 230, 1, 1, 0),
(3232, 19, 231, 2, 2, 0),
(3233, 19, 232, 2, 2, 0),
(3234, 19, 233, 2, 2, 0),
(3235, 19, 234, 2, 2, 0),
(3236, 19, 235, 2, 2, 0),
(3237, 19, 236, 4, 4, 0),
(3238, 19, 237, 2, 2, 0),
(3239, 19, 238, 3, 3, 0),
(3240, 19, 239, 7, 7, 0),
(3241, 19, 240, 9, 9, 0),
(3242, 19, 241, 5, 5, 0),
(3243, 19, 242, 9, 9, 0),
(3244, 19, 243, 1, 1, 0),
(3245, 19, 244, 10, 10, 0),
(3246, 19, 245, 9, 9, 0),
(3247, 19, 246, 1, 1, 0),
(3248, 19, 247, 1, 1, 0),
(3249, 19, 248, 1, 1, 0),
(3250, 19, 249, 1, 1, 0),
(3251, 19, 250, 1, 1, NULL),
(3252, 20, 1, 5, 5, 0),
(3253, 20, 2, 4, 4, 0),
(3254, 20, 4, 3, 3, 0),
(3255, 20, 3, 5, 5, 0),
(3256, 20, 5, 3, 3, 0),
(3257, 20, 6, 2, 2, 0),
(3258, 20, 7, 1, 1, 0),
(3259, 20, 8, 1, 1, 0),
(3260, 20, 9, 1, 1, 0),
(3261, 20, 10, 19, 19, 0),
(3262, 20, 11, 1, 1, 0),
(3263, 20, 12, 2, 2, 0),
(3264, 20, 13, 1, 1, 0),
(3265, 20, 14, 1, 1, 0),
(3266, 20, 15, 6, 6, 0),
(3267, 20, 16, 8, 8, 0),
(3268, 20, 17, 1, 1, 0),
(3269, 20, 18, 1, 1, 0),
(3270, 20, 19, 1, 1, 0),
(3271, 20, 20, 1, 1, 0),
(3272, 20, 21, 2, 2, 0),
(3273, 20, 22, 1, 1, 0),
(3274, 20, 23, 1, 1, 0),
(3275, 20, 24, 1, 1, 0),
(3276, 20, 25, 1, 1, 0),
(3277, 20, 26, 1, 1, 0),
(3278, 20, 27, 3, 3, 0),
(3279, 20, 28, 2, 2, 0),
(3280, 20, 29, 3, 3, 0),
(3281, 20, 30, 3, 3, 0),
(3282, 20, 31, 1, 1, 0),
(3283, 20, 32, 2, 2, 0),
(3284, 20, 33, 1, 1, 0),
(3285, 20, 34, 1, 1, 0),
(3286, 20, 35, 1, 1, 0),
(3287, 20, 36, 2, 2, 0),
(3288, 20, 37, 2, 2, 0),
(3289, 20, 38, 1, 1, 0),
(3290, 20, 39, 2, 2, 0),
(3291, 20, 40, 2, 2, 0),
(3292, 20, 41, 1, 1, 0),
(3293, 20, 42, 2, 2, 0),
(3294, 20, 43, 1, 1, 0),
(3295, 20, 44, 1, 1, 0),
(3296, 20, 45, 1, 1, 0),
(3297, 20, 46, 1, 1, 0),
(3298, 20, 47, 1, 1, 0),
(3299, 20, 48, 1, 1, 0),
(3300, 20, 49, 1, 1, 0),
(3301, 20, 50, 1, 1, 0),
(3302, 20, 51, 1, 1, 0),
(3303, 20, 52, 1, 1, 0),
(3304, 20, 53, 1, 1, 0),
(3305, 20, 54, 1, 1, 0),
(3306, 20, 55, 1, 1, 0),
(3307, 20, 56, 1, 1, 0),
(3308, 20, 57, 1, 1, 0),
(3309, 20, 58, 1, 1, 0),
(3310, 20, 59, 1, 1, 0),
(3311, 20, 60, 1, 1, 0),
(3312, 20, 61, 1, 1, 0),
(3313, 20, 62, 1, 1, 0),
(3314, 20, 63, 1, 1, 0),
(3315, 20, 64, 1, 1, 0),
(3316, 20, 65, 1, 1, 0),
(3317, 20, 66, 1, 1, 0),
(3318, 20, 67, 1, 1, 0),
(3319, 20, 68, 1, 1, 0),
(3320, 20, 69, 1, 1, 0),
(3321, 20, 70, 1, 1, 0),
(3322, 20, 71, 1, 1, 0),
(3323, 20, 72, 2, 2, 0),
(3324, 20, 73, 1, 1, 0),
(3325, 20, 74, 2, 2, 0),
(3326, 20, 75, 2, 2, 0),
(3327, 20, 76, 1, 1, 0),
(3328, 20, 77, 1, 1, 0),
(3329, 20, 78, 1, 1, 0),
(3330, 20, 79, 1, 1, 0),
(3331, 20, 80, 1, 1, 0),
(3332, 20, 81, 1, 1, 0),
(3333, 20, 82, 1, 1, 0),
(3334, 20, 83, 1, 1, 0),
(3335, 20, 84, 1, 1, 0),
(3336, 20, 85, 1, 1, 0),
(3337, 20, 86, 1, 1, 0),
(3338, 20, 87, 1, 1, 0),
(3339, 20, 88, 1, 1, 0),
(3340, 20, 89, 1, 1, 0),
(3341, 20, 90, 2, 2, 0),
(3342, 20, 91, 1, 1, 0),
(3343, 20, 92, 1, 1, 0),
(3344, 20, 93, 1, 1, 0),
(3345, 20, 94, 1, 1, 0),
(3346, 20, 95, 2, 2, 0),
(3347, 20, 96, 2, 2, 0),
(3348, 20, 97, 2, 2, 0),
(3349, 20, 98, 2, 2, 0),
(3350, 20, 99, 4, 4, 0),
(3351, 20, 100, 5, 5, 0),
(3352, 20, 101, 4, 4, 0),
(3353, 20, 102, 5, 5, 0),
(3354, 20, 103, 2, 2, 0),
(3355, 20, 104, 2, 2, 0),
(3356, 20, 105, 1, 1, 0),
(3357, 20, 106, 1, 1, 0),
(3358, 20, 107, 1, 1, 0),
(3359, 20, 108, 1, 1, 0),
(3360, 20, 109, 2, 2, 0),
(3361, 20, 110, 3, 3, 0),
(3362, 20, 111, 4, 4, 0),
(3363, 20, 112, 2, 2, 0),
(3364, 20, 113, 1, 1, 0),
(3365, 20, 114, 1, 1, 0),
(3366, 20, 115, 1, 1, 0),
(3367, 20, 116, 3, 3, 0),
(3368, 20, 117, 2, 2, 0),
(3369, 20, 118, 4, 4, 0),
(3370, 20, 119, 1, 1, 0),
(3371, 20, 120, 9, 9, 0),
(3372, 20, 121, 12, 12, 0),
(3373, 20, 122, 1, 1, 0),
(3374, 20, 123, 11, 11, 0),
(3375, 20, 124, 1, 1, 0),
(3376, 20, 125, 1, 1, 0),
(3377, 20, 126, 2, 2, 0),
(3378, 20, 127, 2, 2, 0),
(3379, 20, 128, 5, 5, 0),
(3380, 20, 129, 3, 3, 0),
(3381, 20, 130, 2, 2, 0),
(3382, 20, 131, 1, 1, 0),
(3383, 20, 132, 1, 1, 0),
(3384, 20, 133, 2, 2, 0),
(3385, 20, 134, 1, 1, 0),
(3386, 20, 135, 8, 8, 0),
(3387, 20, 136, 2, 2, 0),
(3388, 20, 137, 2, 2, 0),
(3389, 20, 138, 6, 6, 0),
(3390, 20, 139, 4, 4, 0),
(3391, 20, 140, 4, 4, 0),
(3392, 20, 141, 2, 2, 0),
(3393, 20, 142, 3, 3, 0),
(3394, 20, 143, 5, 5, 0),
(3395, 20, 144, 4, 4, 0),
(3396, 20, 145, 3, 3, 0),
(3397, 20, 146, 4, 4, 0),
(3398, 20, 147, 3, 3, 0),
(3399, 20, 148, 5, 5, 0),
(3400, 20, 149, 3, 3, 0),
(3401, 20, 150, 3, 3, 0),
(3402, 20, 151, 5, 5, 0),
(3403, 20, 152, 1, 1, 0),
(3404, 20, 153, 3, 3, 0),
(3405, 20, 154, 6, 6, 0),
(3406, 20, 155, 5, 5, 0),
(3407, 20, 156, 5, 5, 0),
(3408, 20, 157, 1, 1, 0),
(3409, 20, 158, 4, 4, 0),
(3410, 20, 159, 2, 2, 0),
(3411, 20, 160, 1, 1, 0),
(3412, 20, 161, 3, 3, 0),
(3413, 20, 162, 2, 2, 0),
(3414, 20, 163, 1, 1, 0),
(3415, 20, 164, 2, 2, 0),
(3416, 20, 165, 2, 2, 0),
(3417, 20, 166, 1, 1, 0),
(3418, 20, 167, 1, 1, 0),
(3419, 20, 168, 1, 1, 0),
(3420, 20, 169, 1, 1, 0),
(3421, 20, 170, 1, 1, 0),
(3422, 20, 171, 1, 1, 0),
(3423, 20, 172, 1, 1, 0),
(3424, 20, 173, 1, 1, 0),
(3425, 20, 174, 1, 1, 0),
(3426, 20, 175, 1, 1, 0),
(3427, 20, 176, 1, 1, 0),
(3428, 20, 177, 2, 2, 0),
(3429, 20, 178, 1, 1, 0),
(3430, 20, 179, 1, 1, 0),
(3431, 20, 180, 1, 1, 0),
(3432, 20, 181, 1, 1, 0),
(3433, 20, 182, 1, 1, 0),
(3434, 20, 183, 1, 1, 0),
(3435, 20, 184, 1, 1, 0),
(3436, 20, 185, 1, 1, 0),
(3437, 20, 186, 1, 1, 0),
(3438, 20, 187, 1, 1, 0),
(3439, 20, 188, 1, 1, 0),
(3440, 20, 189, 1, 1, 0),
(3441, 20, 190, 5, 5, 0),
(3442, 20, 191, 2, 2, 0),
(3443, 20, 192, 1, 1, 0),
(3444, 20, 193, 1, 1, 0),
(3445, 20, 194, 1, 1, 0),
(3446, 20, 195, 1, 1, 0),
(3447, 20, 196, 1, 1, 0),
(3448, 20, 197, 6, 6, 0),
(3449, 20, 198, 6, 6, 0),
(3450, 20, 199, 6, 6, 0),
(3451, 20, 200, 6, 6, 0),
(3452, 20, 201, 5, 5, 0),
(3453, 20, 202, 4, 4, 0),
(3454, 20, 203, 1, 1, 0),
(3455, 20, 204, 12, 12, 0),
(3456, 20, 205, 11, 11, 0),
(3457, 20, 206, 4, 4, 0),
(3458, 20, 207, 1, 1, 0),
(3459, 20, 208, 1, 1, 0),
(3460, 20, 209, 7, 7, 0),
(3461, 20, 210, 6, 6, 0),
(3462, 20, 211, 6, 6, 0),
(3463, 20, 212, 10, 10, 0),
(3464, 20, 213, 5, 5, 0),
(3465, 20, 214, 1, 1, 0),
(3466, 20, 215, 7, 7, 0),
(3467, 20, 216, 9, 9, 0),
(3468, 20, 217, 1, 1, 0),
(3469, 20, 218, 1, 1, 0),
(3470, 20, 219, 2, 2, 0),
(3471, 20, 220, 1, 1, 0),
(3472, 20, 221, 1, 1, 0),
(3473, 20, 222, 1, 1, 0),
(3474, 20, 223, 1, 1, 0),
(3475, 20, 224, 1, 1, 0),
(3476, 20, 225, 1, 1, 0),
(3477, 20, 226, 1, 1, 0),
(3478, 20, 227, 1, 1, 0),
(3479, 20, 228, 2, 2, 0),
(3480, 20, 229, 5, 5, 0),
(3481, 20, 230, 1, 1, 0),
(3482, 20, 231, 2, 2, 0),
(3483, 20, 232, 2, 2, 0),
(3484, 20, 233, 2, 2, 0),
(3485, 20, 234, 2, 2, 0),
(3486, 20, 235, 2, 2, 0),
(3487, 20, 236, 4, 4, 0),
(3488, 20, 237, 2, 2, 0),
(3489, 20, 238, 3, 3, 0),
(3490, 20, 239, 7, 7, 0),
(3491, 20, 240, 9, 9, 0),
(3492, 20, 241, 5, 5, 0),
(3493, 20, 242, 9, 9, 0),
(3494, 20, 243, 1, 1, 0),
(3495, 20, 244, 10, 10, 0),
(3496, 20, 245, 9, 9, 0),
(3497, 20, 246, 1, 1, 0),
(3498, 20, 247, 1, 1, 0),
(3499, 20, 248, 1, 1, 0),
(3500, 20, 249, 1, 1, 0),
(3501, 20, 250, 1, 1, NULL),
(3502, 21, 1, 5, 5, 0),
(3503, 21, 2, 4, 4, 0),
(3504, 21, 4, 3, 3, 0),
(3505, 21, 3, 5, 5, 0),
(3506, 21, 5, 3, 3, 0),
(3507, 21, 6, 2, 2, 0),
(3508, 21, 7, 1, 1, 0),
(3509, 21, 8, 1, 1, 0),
(3510, 21, 9, 1, 1, 0),
(3511, 21, 10, 19, 19, 0),
(3512, 21, 11, 1, 1, 0),
(3513, 21, 12, 2, 2, 0),
(3514, 21, 13, 1, 1, 0),
(3515, 21, 14, 1, 1, 0),
(3516, 21, 15, 6, 6, 0),
(3517, 21, 16, 8, 8, 0),
(3518, 21, 17, 1, 1, 0),
(3519, 21, 18, 1, 1, 0),
(3520, 21, 19, 1, 1, 0),
(3521, 21, 20, 1, 1, 0),
(3522, 21, 21, 2, 2, 0),
(3523, 21, 22, 1, 1, 0),
(3524, 21, 23, 1, 1, 0),
(3525, 21, 24, 1, 1, 0),
(3526, 21, 25, 1, 1, 0),
(3527, 21, 26, 1, 1, 0),
(3528, 21, 27, 3, 3, 0),
(3529, 21, 28, 2, 2, 0),
(3530, 21, 29, 3, 3, 0),
(3531, 21, 30, 3, 3, 0),
(3532, 21, 31, 1, 1, 0),
(3533, 21, 32, 2, 2, 0),
(3534, 21, 33, 1, 1, 0),
(3535, 21, 34, 1, 1, 0),
(3536, 21, 35, 1, 1, 0),
(3537, 21, 36, 2, 2, 0),
(3538, 21, 37, 2, 2, 0),
(3539, 21, 38, 1, 1, 0),
(3540, 21, 39, 2, 2, 0),
(3541, 21, 40, 2, 2, 0),
(3542, 21, 41, 1, 1, 0),
(3543, 21, 42, 2, 2, 0),
(3544, 21, 43, 1, 1, 0),
(3545, 21, 44, 1, 1, 0),
(3546, 21, 45, 1, 1, 0),
(3547, 21, 46, 1, 1, 0),
(3548, 21, 47, 1, 1, 0),
(3549, 21, 48, 1, 1, 0),
(3550, 21, 49, 1, 1, 0),
(3551, 21, 50, 1, 1, 0),
(3552, 21, 51, 1, 1, 0),
(3553, 21, 52, 1, 1, 0),
(3554, 21, 53, 1, 1, 0),
(3555, 21, 54, 1, 1, 0),
(3556, 21, 55, 1, 1, 0),
(3557, 21, 56, 1, 1, 0),
(3558, 21, 57, 1, 1, 0),
(3559, 21, 58, 1, 1, 0),
(3560, 21, 59, 1, 1, 0),
(3561, 21, 60, 1, 1, 0),
(3562, 21, 61, 1, 1, 0),
(3563, 21, 62, 1, 1, 0),
(3564, 21, 63, 1, 1, 0),
(3565, 21, 64, 1, 1, 0),
(3566, 21, 65, 1, 1, 0),
(3567, 21, 66, 1, 1, 0),
(3568, 21, 67, 1, 1, 0),
(3569, 21, 68, 1, 1, 0),
(3570, 21, 69, 1, 1, 0),
(3571, 21, 70, 1, 1, 0),
(3572, 21, 71, 1, 1, 0),
(3573, 21, 72, 2, 2, 0),
(3574, 21, 73, 1, 1, 0),
(3575, 21, 74, 2, 2, 0),
(3576, 21, 75, 2, 2, 0),
(3577, 21, 76, 1, 1, 0),
(3578, 21, 77, 1, 1, 0),
(3579, 21, 78, 1, 1, 0),
(3580, 21, 79, 1, 1, 0),
(3581, 21, 80, 1, 1, 0),
(3582, 21, 81, 1, 1, 0),
(3583, 21, 82, 1, 1, 0),
(3584, 21, 83, 1, 1, 0),
(3585, 21, 84, 1, 1, 0),
(3586, 21, 85, 1, 1, 0),
(3587, 21, 86, 1, 1, 0),
(3588, 21, 87, 1, 1, 0),
(3589, 21, 88, 1, 1, 0),
(3590, 21, 89, 1, 1, 0),
(3591, 21, 90, 2, 2, 0),
(3592, 21, 91, 1, 1, 0),
(3593, 21, 92, 1, 1, 0),
(3594, 21, 93, 1, 1, 0),
(3595, 21, 94, 1, 1, 0),
(3596, 21, 95, 2, 2, 0),
(3597, 21, 96, 2, 2, 0),
(3598, 21, 97, 2, 2, 0),
(3599, 21, 98, 2, 2, 0),
(3600, 21, 99, 4, 4, 0),
(3601, 21, 100, 5, 5, 0),
(3602, 21, 101, 4, 4, 0),
(3603, 21, 102, 5, 5, 0),
(3604, 21, 103, 2, 2, 0),
(3605, 21, 104, 2, 2, 0),
(3606, 21, 105, 1, 1, 0),
(3607, 21, 106, 1, 1, 0),
(3608, 21, 107, 1, 1, 0),
(3609, 21, 108, 1, 1, 0),
(3610, 21, 109, 2, 2, 0),
(3611, 21, 110, 3, 3, 0),
(3612, 21, 111, 4, 4, 0),
(3613, 21, 112, 2, 2, 0),
(3614, 21, 113, 1, 1, 0),
(3615, 21, 114, 1, 1, 0),
(3616, 21, 115, 1, 1, 0),
(3617, 21, 116, 3, 3, 0),
(3618, 21, 117, 2, 2, 0),
(3619, 21, 118, 4, 4, 0),
(3620, 21, 119, 1, 1, 0),
(3621, 21, 120, 9, 9, 0),
(3622, 21, 121, 12, 12, 0),
(3623, 21, 122, 1, 1, 0),
(3624, 21, 123, 11, 11, 0),
(3625, 21, 124, 1, 1, 0),
(3626, 21, 125, 1, 1, 0),
(3627, 21, 126, 2, 2, 0),
(3628, 21, 127, 2, 2, 0),
(3629, 21, 128, 5, 5, 0),
(3630, 21, 129, 3, 3, 0),
(3631, 21, 130, 2, 2, 0),
(3632, 21, 131, 1, 1, 0),
(3633, 21, 132, 1, 1, 0),
(3634, 21, 133, 2, 2, 0),
(3635, 21, 134, 1, 1, 0),
(3636, 21, 135, 8, 8, 0),
(3637, 21, 136, 2, 2, 0),
(3638, 21, 137, 2, 2, 0),
(3639, 21, 138, 6, 6, 0),
(3640, 21, 139, 4, 4, 0),
(3641, 21, 140, 4, 4, 0),
(3642, 21, 141, 2, 2, 0),
(3643, 21, 142, 3, 3, 0),
(3644, 21, 143, 5, 5, 0),
(3645, 21, 144, 4, 4, 0),
(3646, 21, 145, 3, 3, 0),
(3647, 21, 146, 4, 4, 0),
(3648, 21, 147, 3, 3, 0),
(3649, 21, 148, 5, 5, 0),
(3650, 21, 149, 3, 3, 0),
(3651, 21, 150, 3, 3, 0),
(3652, 21, 151, 5, 5, 0),
(3653, 21, 152, 1, 1, 0),
(3654, 21, 153, 3, 3, 0),
(3655, 21, 154, 6, 6, 0),
(3656, 21, 155, 5, 5, 0),
(3657, 21, 156, 5, 5, 0),
(3658, 21, 157, 1, 1, 0),
(3659, 21, 158, 4, 4, 0),
(3660, 21, 159, 2, 2, 0),
(3661, 21, 160, 1, 1, 0),
(3662, 21, 161, 3, 3, 0),
(3663, 21, 162, 2, 2, 0),
(3664, 21, 163, 1, 1, 0),
(3665, 21, 164, 2, 2, 0),
(3666, 21, 165, 2, 2, 0),
(3667, 21, 166, 1, 1, 0),
(3668, 21, 167, 1, 1, 0),
(3669, 21, 168, 1, 1, 0),
(3670, 21, 169, 1, 1, 0),
(3671, 21, 170, 1, 1, 0),
(3672, 21, 171, 1, 1, 0),
(3673, 21, 172, 1, 1, 0),
(3674, 21, 173, 1, 1, 0),
(3675, 21, 174, 1, 1, 0),
(3676, 21, 175, 1, 1, 0),
(3677, 21, 176, 1, 1, 0),
(3678, 21, 177, 2, 2, 0),
(3679, 21, 178, 1, 1, 0),
(3680, 21, 179, 1, 1, 0),
(3681, 21, 180, 1, 1, 0),
(3682, 21, 181, 1, 1, 0),
(3683, 21, 182, 1, 1, 0),
(3684, 21, 183, 1, 1, 0),
(3685, 21, 184, 1, 1, 0),
(3686, 21, 185, 1, 1, 0),
(3687, 21, 186, 1, 1, 0),
(3688, 21, 187, 1, 1, 0),
(3689, 21, 188, 1, 1, 0),
(3690, 21, 189, 1, 1, 0),
(3691, 21, 190, 5, 5, 0),
(3692, 21, 191, 2, 2, 0),
(3693, 21, 192, 1, 1, 0),
(3694, 21, 193, 1, 1, 0),
(3695, 21, 194, 1, 1, 0),
(3696, 21, 195, 1, 1, 0),
(3697, 21, 196, 1, 1, 0),
(3698, 21, 197, 6, 6, 0),
(3699, 21, 198, 6, 6, 0),
(3700, 21, 199, 6, 6, 0),
(3701, 21, 200, 6, 6, 0),
(3702, 21, 201, 5, 5, 0),
(3703, 21, 202, 4, 4, 0),
(3704, 21, 203, 1, 1, 0),
(3705, 21, 204, 12, 12, 0),
(3706, 21, 205, 11, 11, 0),
(3707, 21, 206, 4, 4, 0),
(3708, 21, 207, 1, 1, 0),
(3709, 21, 208, 1, 1, 0),
(3710, 21, 209, 7, 7, 0),
(3711, 21, 210, 6, 6, 0),
(3712, 21, 211, 6, 6, 0),
(3713, 21, 212, 10, 10, 0),
(3714, 21, 213, 5, 5, 0),
(3715, 21, 214, 1, 1, 0),
(3716, 21, 215, 7, 7, 0),
(3717, 21, 216, 9, 9, 0),
(3718, 21, 217, 1, 1, 0),
(3719, 21, 218, 1, 1, 0),
(3720, 21, 219, 2, 2, 0),
(3721, 21, 220, 1, 1, 0),
(3722, 21, 221, 1, 1, 0),
(3723, 21, 222, 1, 1, 0),
(3724, 21, 223, 1, 1, 0),
(3725, 21, 224, 1, 1, 0),
(3726, 21, 225, 1, 1, 0),
(3727, 21, 226, 1, 1, 0),
(3728, 21, 227, 1, 1, 0),
(3729, 21, 228, 2, 2, 0),
(3730, 21, 229, 5, 5, 0),
(3731, 21, 230, 1, 1, 0),
(3732, 21, 231, 2, 2, 0),
(3733, 21, 232, 2, 2, 0),
(3734, 21, 233, 2, 2, 0),
(3735, 21, 234, 2, 2, 0),
(3736, 21, 235, 2, 2, 0),
(3737, 21, 236, 4, 4, 0),
(3738, 21, 237, 2, 2, 0),
(3739, 21, 238, 3, 3, 0),
(3740, 21, 239, 7, 7, 0),
(3741, 21, 240, 9, 9, 0),
(3742, 21, 241, 5, 5, 0),
(3743, 21, 242, 9, 9, 0),
(3744, 21, 243, 1, 1, 0),
(3745, 21, 244, 10, 10, 0),
(3746, 21, 245, 9, 9, 0),
(3747, 21, 246, 1, 1, 0),
(3748, 21, 247, 1, 1, 0),
(3749, 21, 248, 1, 1, 0),
(3750, 21, 249, 1, 1, 0),
(3751, 21, 250, 1, 1, NULL),
(3752, 22, 1, 5, 5, 0),
(3753, 22, 2, 4, 4, 0),
(3754, 22, 4, 3, 3, 0),
(3755, 22, 3, 5, 5, 0),
(3756, 22, 5, 3, 3, 0),
(3757, 22, 6, 2, 2, 0),
(3758, 22, 7, 1, 1, 0),
(3759, 22, 8, 1, 1, 0),
(3760, 22, 9, 1, 1, 0),
(3761, 22, 10, 19, 19, 0),
(3762, 22, 11, 1, 1, 0),
(3763, 22, 12, 2, 2, 0),
(3764, 22, 13, 1, 1, 0),
(3765, 22, 14, 1, 1, 0),
(3766, 22, 15, 6, 6, 0),
(3767, 22, 16, 8, 8, 0),
(3768, 22, 17, 1, 1, 0),
(3769, 22, 18, 1, 1, 0),
(3770, 22, 19, 1, 1, 0),
(3771, 22, 20, 1, 1, 0),
(3772, 22, 21, 2, 2, 0),
(3773, 22, 22, 1, 1, 0),
(3774, 22, 23, 1, 1, 0),
(3775, 22, 24, 1, 1, 0),
(3776, 22, 25, 1, 1, 0),
(3777, 22, 26, 1, 1, 0),
(3778, 22, 27, 3, 3, 0),
(3779, 22, 28, 2, 2, 0),
(3780, 22, 29, 3, 3, 0),
(3781, 22, 30, 3, 3, 0),
(3782, 22, 31, 1, 1, 0),
(3783, 22, 32, 2, 2, 0),
(3784, 22, 33, 1, 1, 0),
(3785, 22, 34, 1, 1, 0),
(3786, 22, 35, 1, 1, 0),
(3787, 22, 36, 2, 2, 0),
(3788, 22, 37, 2, 2, 0),
(3789, 22, 38, 1, 1, 0),
(3790, 22, 39, 2, 2, 0),
(3791, 22, 40, 2, 2, 0),
(3792, 22, 41, 1, 1, 0),
(3793, 22, 42, 2, 2, 0),
(3794, 22, 43, 1, 1, 0),
(3795, 22, 44, 1, 1, 0),
(3796, 22, 45, 1, 1, 0),
(3797, 22, 46, 1, 1, 0),
(3798, 22, 47, 1, 1, 0),
(3799, 22, 48, 1, 1, 0),
(3800, 22, 49, 1, 1, 0),
(3801, 22, 50, 1, 1, 0),
(3802, 22, 51, 1, 1, 0),
(3803, 22, 52, 1, 1, 0),
(3804, 22, 53, 1, 1, 0),
(3805, 22, 54, 1, 1, 0),
(3806, 22, 55, 1, 1, 0),
(3807, 22, 56, 1, 1, 0),
(3808, 22, 57, 1, 1, 0),
(3809, 22, 58, 1, 1, 0),
(3810, 22, 59, 1, 1, 0),
(3811, 22, 60, 1, 1, 0),
(3812, 22, 61, 1, 1, 0),
(3813, 22, 62, 1, 1, 0),
(3814, 22, 63, 1, 1, 0),
(3815, 22, 64, 1, 1, 0),
(3816, 22, 65, 1, 1, 0),
(3817, 22, 66, 1, 1, 0),
(3818, 22, 67, 1, 1, 0),
(3819, 22, 68, 1, 1, 0),
(3820, 22, 69, 1, 1, 0),
(3821, 22, 70, 1, 1, 0),
(3822, 22, 71, 1, 1, 0),
(3823, 22, 72, 2, 2, 0),
(3824, 22, 73, 1, 1, 0),
(3825, 22, 74, 2, 2, 0),
(3826, 22, 75, 2, 2, 0),
(3827, 22, 76, 1, 1, 0),
(3828, 22, 77, 1, 1, 0),
(3829, 22, 78, 1, 1, 0),
(3830, 22, 79, 1, 1, 0),
(3831, 22, 80, 1, 1, 0),
(3832, 22, 81, 1, 1, 0),
(3833, 22, 82, 1, 1, 0),
(3834, 22, 83, 1, 1, 0),
(3835, 22, 84, 1, 1, 0),
(3836, 22, 85, 1, 1, 0),
(3837, 22, 86, 1, 1, 0),
(3838, 22, 87, 1, 1, 0),
(3839, 22, 88, 1, 1, 0),
(3840, 22, 89, 1, 1, 0),
(3841, 22, 90, 2, 2, 0),
(3842, 22, 91, 1, 1, 0),
(3843, 22, 92, 1, 1, 0),
(3844, 22, 93, 1, 1, 0),
(3845, 22, 94, 1, 1, 0),
(3846, 22, 95, 2, 2, 0),
(3847, 22, 96, 2, 2, 0),
(3848, 22, 97, 2, 2, 0),
(3849, 22, 98, 2, 2, 0),
(3850, 22, 99, 4, 4, 0),
(3851, 22, 100, 5, 5, 0),
(3852, 22, 101, 4, 4, 0),
(3853, 22, 102, 5, 5, 0),
(3854, 22, 103, 2, 2, 0),
(3855, 22, 104, 2, 2, 0),
(3856, 22, 105, 1, 1, 0),
(3857, 22, 106, 1, 1, 0),
(3858, 22, 107, 1, 1, 0),
(3859, 22, 108, 1, 1, 0),
(3860, 22, 109, 2, 2, 0),
(3861, 22, 110, 3, 3, 0),
(3862, 22, 111, 4, 4, 0),
(3863, 22, 112, 2, 2, 0),
(3864, 22, 113, 1, 1, 0),
(3865, 22, 114, 1, 1, 0),
(3866, 22, 115, 1, 1, 0),
(3867, 22, 116, 3, 3, 0),
(3868, 22, 117, 2, 2, 0),
(3869, 22, 118, 4, 4, 0),
(3870, 22, 119, 1, 1, 0),
(3871, 22, 120, 9, 9, 0),
(3872, 22, 121, 12, 12, 0),
(3873, 22, 122, 1, 1, 0),
(3874, 22, 123, 11, 11, 0),
(3875, 22, 124, 1, 1, 0),
(3876, 22, 125, 1, 1, 0),
(3877, 22, 126, 2, 2, 0),
(3878, 22, 127, 2, 2, 0),
(3879, 22, 128, 5, 5, 0),
(3880, 22, 129, 3, 3, 0),
(3881, 22, 130, 2, 2, 0),
(3882, 22, 131, 1, 1, 0),
(3883, 22, 132, 1, 1, 0),
(3884, 22, 133, 2, 2, 0),
(3885, 22, 134, 1, 1, 0),
(3886, 22, 135, 8, 8, 0),
(3887, 22, 136, 2, 2, 0),
(3888, 22, 137, 2, 2, 0),
(3889, 22, 138, 6, 6, 0),
(3890, 22, 139, 4, 4, 0),
(3891, 22, 140, 4, 4, 0),
(3892, 22, 141, 2, 2, 0),
(3893, 22, 142, 3, 3, 0),
(3894, 22, 143, 5, 5, 0),
(3895, 22, 144, 4, 4, 0),
(3896, 22, 145, 3, 3, 0),
(3897, 22, 146, 4, 4, 0),
(3898, 22, 147, 3, 3, 0),
(3899, 22, 148, 5, 5, 0),
(3900, 22, 149, 3, 3, 0),
(3901, 22, 150, 3, 3, 0),
(3902, 22, 151, 5, 5, 0),
(3903, 22, 152, 1, 1, 0),
(3904, 22, 153, 3, 3, 0),
(3905, 22, 154, 6, 6, 0),
(3906, 22, 155, 5, 5, 0),
(3907, 22, 156, 5, 5, 0),
(3908, 22, 157, 1, 1, 0),
(3909, 22, 158, 4, 4, 0),
(3910, 22, 159, 2, 2, 0),
(3911, 22, 160, 1, 1, 0),
(3912, 22, 161, 3, 3, 0),
(3913, 22, 162, 2, 2, 0),
(3914, 22, 163, 1, 1, 0),
(3915, 22, 164, 2, 2, 0),
(3916, 22, 165, 2, 2, 0),
(3917, 22, 166, 1, 1, 0),
(3918, 22, 167, 1, 1, 0),
(3919, 22, 168, 1, 1, 0),
(3920, 22, 169, 1, 1, 0),
(3921, 22, 170, 1, 1, 0),
(3922, 22, 171, 1, 1, 0),
(3923, 22, 172, 1, 1, 0),
(3924, 22, 173, 1, 1, 0),
(3925, 22, 174, 1, 1, 0),
(3926, 22, 175, 1, 1, 0),
(3927, 22, 176, 1, 1, 0),
(3928, 22, 177, 2, 2, 0),
(3929, 22, 178, 1, 1, 0),
(3930, 22, 179, 1, 1, 0),
(3931, 22, 180, 1, 1, 0),
(3932, 22, 181, 1, 1, 0),
(3933, 22, 182, 1, 1, 0),
(3934, 22, 183, 1, 1, 0),
(3935, 22, 184, 1, 1, 0),
(3936, 22, 185, 1, 1, 0),
(3937, 22, 186, 1, 1, 0),
(3938, 22, 187, 1, 1, 0),
(3939, 22, 188, 1, 1, 0),
(3940, 22, 189, 1, 1, 0),
(3941, 22, 190, 5, 5, 0),
(3942, 22, 191, 2, 2, 0),
(3943, 22, 192, 1, 1, 0),
(3944, 22, 193, 1, 1, 0),
(3945, 22, 194, 1, 1, 0),
(3946, 22, 195, 1, 1, 0),
(3947, 22, 196, 1, 1, 0),
(3948, 22, 197, 6, 6, 0),
(3949, 22, 198, 6, 6, 0),
(3950, 22, 199, 6, 6, 0),
(3951, 22, 200, 6, 6, 0),
(3952, 22, 201, 5, 5, 0),
(3953, 22, 202, 4, 4, 0),
(3954, 22, 203, 1, 1, 0),
(3955, 22, 204, 12, 12, 0),
(3956, 22, 205, 11, 11, 0),
(3957, 22, 206, 4, 4, 0),
(3958, 22, 207, 1, 1, 0),
(3959, 22, 208, 1, 1, 0),
(3960, 22, 209, 7, 7, 0),
(3961, 22, 210, 6, 6, 0),
(3962, 22, 211, 6, 6, 0),
(3963, 22, 212, 10, 10, 0),
(3964, 22, 213, 5, 5, 0),
(3965, 22, 214, 1, 1, 0),
(3966, 22, 215, 7, 7, 0),
(3967, 22, 216, 9, 9, 0),
(3968, 22, 217, 1, 1, 0),
(3969, 22, 218, 1, 1, 0),
(3970, 22, 219, 2, 2, 0),
(3971, 22, 220, 1, 1, 0),
(3972, 22, 221, 1, 1, 0),
(3973, 22, 222, 1, 1, 0),
(3974, 22, 223, 1, 1, 0),
(3975, 22, 224, 1, 1, 0),
(3976, 22, 225, 1, 1, 0),
(3977, 22, 226, 1, 1, 0),
(3978, 22, 227, 1, 1, 0),
(3979, 22, 228, 2, 2, 0),
(3980, 22, 229, 5, 5, 0),
(3981, 22, 230, 1, 1, 0),
(3982, 22, 231, 2, 2, 0),
(3983, 22, 232, 2, 2, 0),
(3984, 22, 233, 2, 2, 0),
(3985, 22, 234, 2, 2, 0),
(3986, 22, 235, 2, 2, 0),
(3987, 22, 236, 4, 4, 0),
(3988, 22, 237, 2, 2, 0),
(3989, 22, 238, 3, 3, 0),
(3990, 22, 239, 7, 7, 0),
(3991, 22, 240, 9, 9, 0),
(3992, 22, 241, 5, 5, 0),
(3993, 22, 242, 9, 9, 0),
(3994, 22, 243, 1, 1, 0),
(3995, 22, 244, 10, 10, 0),
(3996, 22, 245, 9, 9, 0),
(3997, 22, 246, 1, 1, 0),
(3998, 22, 247, 1, 1, 0),
(3999, 22, 248, 1, 1, 0),
(4000, 22, 249, 1, 1, 0),
(4001, 22, 250, 1, 1, NULL),
(4002, 23, 1, 5, 5, 0),
(4003, 23, 2, 4, 4, 0),
(4004, 23, 4, 3, 3, 0),
(4005, 23, 3, 5, 5, 0),
(4006, 23, 5, 3, 3, 0),
(4007, 23, 6, 2, 2, 0),
(4008, 23, 7, 1, 1, 0),
(4009, 23, 8, 1, 1, 0),
(4010, 23, 9, 1, 1, 0),
(4011, 23, 10, 19, 19, 0),
(4012, 23, 11, 1, 1, 0),
(4013, 23, 12, 2, 2, 0),
(4014, 23, 13, 1, 1, 0),
(4015, 23, 14, 1, 1, 0),
(4016, 23, 15, 6, 6, 0),
(4017, 23, 16, 8, 8, 0),
(4018, 23, 17, 1, 1, 0),
(4019, 23, 18, 1, 1, 0),
(4020, 23, 19, 1, 1, 0),
(4021, 23, 20, 1, 1, 0),
(4022, 23, 21, 2, 2, 0),
(4023, 23, 22, 1, 1, 0),
(4024, 23, 23, 1, 1, 0),
(4025, 23, 24, 1, 1, 0),
(4026, 23, 25, 1, 1, 0),
(4027, 23, 26, 1, 1, 0),
(4028, 23, 27, 3, 3, 0),
(4029, 23, 28, 2, 2, 0),
(4030, 23, 29, 3, 3, 0),
(4031, 23, 30, 3, 3, 0),
(4032, 23, 31, 1, 1, 0),
(4033, 23, 32, 2, 2, 0),
(4034, 23, 33, 1, 1, 0),
(4035, 23, 34, 1, 1, 0),
(4036, 23, 35, 1, 1, 0),
(4037, 23, 36, 2, 2, 0),
(4038, 23, 37, 2, 2, 0),
(4039, 23, 38, 1, 1, 0),
(4040, 23, 39, 2, 2, 0),
(4041, 23, 40, 2, 2, 0),
(4042, 23, 41, 1, 1, 0),
(4043, 23, 42, 2, 2, 0),
(4044, 23, 43, 1, 1, 0),
(4045, 23, 44, 1, 1, 0),
(4046, 23, 45, 1, 1, 0),
(4047, 23, 46, 1, 1, 0),
(4048, 23, 47, 1, 1, 0),
(4049, 23, 48, 1, 1, 0),
(4050, 23, 49, 1, 1, 0),
(4051, 23, 50, 1, 1, 0),
(4052, 23, 51, 1, 1, 0),
(4053, 23, 52, 1, 1, 0),
(4054, 23, 53, 1, 1, 0),
(4055, 23, 54, 1, 1, 0),
(4056, 23, 55, 1, 1, 0),
(4057, 23, 56, 1, 1, 0),
(4058, 23, 57, 1, 1, 0),
(4059, 23, 58, 1, 1, 0),
(4060, 23, 59, 1, 1, 0),
(4061, 23, 60, 1, 1, 0),
(4062, 23, 61, 1, 1, 0),
(4063, 23, 62, 1, 1, 0),
(4064, 23, 63, 1, 1, 0),
(4065, 23, 64, 1, 1, 0),
(4066, 23, 65, 1, 1, 0),
(4067, 23, 66, 1, 1, 0),
(4068, 23, 67, 1, 1, 0),
(4069, 23, 68, 1, 1, 0),
(4070, 23, 69, 1, 1, 0),
(4071, 23, 70, 1, 1, 0),
(4072, 23, 71, 1, 1, 0),
(4073, 23, 72, 2, 2, 0),
(4074, 23, 73, 1, 1, 0),
(4075, 23, 74, 2, 2, 0),
(4076, 23, 75, 2, 2, 0),
(4077, 23, 76, 1, 1, 0),
(4078, 23, 77, 1, 1, 0),
(4079, 23, 78, 1, 1, 0),
(4080, 23, 79, 1, 1, 0),
(4081, 23, 80, 1, 1, 0),
(4082, 23, 81, 1, 1, 0),
(4083, 23, 82, 1, 1, 0),
(4084, 23, 83, 1, 1, 0),
(4085, 23, 84, 1, 1, 0),
(4086, 23, 85, 1, 1, 0),
(4087, 23, 86, 1, 1, 0),
(4088, 23, 87, 1, 1, 0),
(4089, 23, 88, 1, 1, 0),
(4090, 23, 89, 1, 1, 0),
(4091, 23, 90, 2, 2, 0),
(4092, 23, 91, 1, 1, 0),
(4093, 23, 92, 1, 1, 0),
(4094, 23, 93, 1, 1, 0),
(4095, 23, 94, 1, 1, 0),
(4096, 23, 95, 2, 2, 0),
(4097, 23, 96, 2, 2, 0),
(4098, 23, 97, 2, 2, 0),
(4099, 23, 98, 2, 2, 0),
(4100, 23, 99, 4, 4, 0),
(4101, 23, 100, 5, 5, 0),
(4102, 23, 101, 4, 4, 0),
(4103, 23, 102, 5, 5, 0),
(4104, 23, 103, 2, 2, 0),
(4105, 23, 104, 2, 2, 0),
(4106, 23, 105, 1, 1, 0),
(4107, 23, 106, 1, 1, 0),
(4108, 23, 107, 1, 1, 0),
(4109, 23, 108, 1, 1, 0),
(4110, 23, 109, 2, 2, 0),
(4111, 23, 110, 3, 3, 0),
(4112, 23, 111, 4, 4, 0),
(4113, 23, 112, 2, 2, 0),
(4114, 23, 113, 1, 1, 0),
(4115, 23, 114, 1, 1, 0),
(4116, 23, 115, 1, 1, 0),
(4117, 23, 116, 3, 3, 0),
(4118, 23, 117, 2, 2, 0),
(4119, 23, 118, 4, 4, 0),
(4120, 23, 119, 1, 1, 0),
(4121, 23, 120, 9, 9, 0),
(4122, 23, 121, 12, 12, 0),
(4123, 23, 122, 1, 1, 0),
(4124, 23, 123, 11, 11, 0),
(4125, 23, 124, 1, 1, 0),
(4126, 23, 125, 1, 1, 0),
(4127, 23, 126, 2, 2, 0),
(4128, 23, 127, 2, 2, 0),
(4129, 23, 128, 5, 5, 0),
(4130, 23, 129, 3, 3, 0),
(4131, 23, 130, 2, 2, 0),
(4132, 23, 131, 1, 1, 0),
(4133, 23, 132, 1, 1, 0),
(4134, 23, 133, 2, 2, 0),
(4135, 23, 134, 1, 1, 0),
(4136, 23, 135, 8, 8, 0),
(4137, 23, 136, 2, 2, 0),
(4138, 23, 137, 2, 2, 0),
(4139, 23, 138, 6, 6, 0),
(4140, 23, 139, 4, 4, 0),
(4141, 23, 140, 4, 4, 0),
(4142, 23, 141, 2, 2, 0),
(4143, 23, 142, 3, 3, 0),
(4144, 23, 143, 5, 5, 0),
(4145, 23, 144, 4, 4, 0),
(4146, 23, 145, 3, 3, 0),
(4147, 23, 146, 4, 4, 0),
(4148, 23, 147, 3, 3, 0),
(4149, 23, 148, 5, 5, 0),
(4150, 23, 149, 3, 3, 0),
(4151, 23, 150, 3, 3, 0),
(4152, 23, 151, 5, 5, 0),
(4153, 23, 152, 1, 1, 0),
(4154, 23, 153, 3, 3, 0),
(4155, 23, 154, 6, 6, 0),
(4156, 23, 155, 5, 5, 0),
(4157, 23, 156, 5, 5, 0),
(4158, 23, 157, 1, 1, 0),
(4159, 23, 158, 4, 4, 0),
(4160, 23, 159, 2, 2, 0),
(4161, 23, 160, 1, 1, 0),
(4162, 23, 161, 3, 3, 0),
(4163, 23, 162, 2, 2, 0),
(4164, 23, 163, 1, 1, 0),
(4165, 23, 164, 2, 2, 0),
(4166, 23, 165, 2, 2, 0),
(4167, 23, 166, 1, 1, 0),
(4168, 23, 167, 1, 1, 0),
(4169, 23, 168, 1, 1, 0),
(4170, 23, 169, 1, 1, 0),
(4171, 23, 170, 1, 1, 0),
(4172, 23, 171, 1, 1, 0),
(4173, 23, 172, 1, 1, 0),
(4174, 23, 173, 1, 1, 0),
(4175, 23, 174, 1, 1, 0),
(4176, 23, 175, 1, 1, 0),
(4177, 23, 176, 1, 1, 0),
(4178, 23, 177, 2, 2, 0),
(4179, 23, 178, 1, 1, 0),
(4180, 23, 179, 1, 1, 0),
(4181, 23, 180, 1, 1, 0),
(4182, 23, 181, 1, 1, 0),
(4183, 23, 182, 1, 1, 0),
(4184, 23, 183, 1, 1, 0),
(4185, 23, 184, 1, 1, 0),
(4186, 23, 185, 1, 1, 0),
(4187, 23, 186, 1, 1, 0),
(4188, 23, 187, 1, 1, 0),
(4189, 23, 188, 1, 1, 0),
(4190, 23, 189, 1, 1, 0),
(4191, 23, 190, 5, 5, 0),
(4192, 23, 191, 2, 2, 0),
(4193, 23, 192, 1, 1, 0),
(4194, 23, 193, 1, 1, 0),
(4195, 23, 194, 1, 1, 0),
(4196, 23, 195, 1, 1, 0),
(4197, 23, 196, 1, 1, 0),
(4198, 23, 197, 6, 6, 0),
(4199, 23, 198, 6, 6, 0),
(4200, 23, 199, 6, 6, 0),
(4201, 23, 200, 6, 6, 0),
(4202, 23, 201, 5, 5, 0),
(4203, 23, 202, 4, 4, 0),
(4204, 23, 203, 1, 1, 0),
(4205, 23, 204, 12, 12, 0),
(4206, 23, 205, 11, 11, 0),
(4207, 23, 206, 4, 4, 0),
(4208, 23, 207, 1, 1, 0),
(4209, 23, 208, 1, 1, 0),
(4210, 23, 209, 7, 7, 0),
(4211, 23, 210, 6, 6, 0),
(4212, 23, 211, 6, 6, 0),
(4213, 23, 212, 10, 10, 0),
(4214, 23, 213, 5, 5, 0),
(4215, 23, 214, 1, 1, 0),
(4216, 23, 215, 7, 7, 0),
(4217, 23, 216, 9, 9, 0),
(4218, 23, 217, 1, 1, 0),
(4219, 23, 218, 1, 1, 0),
(4220, 23, 219, 2, 2, 0),
(4221, 23, 220, 1, 1, 0),
(4222, 23, 221, 1, 1, 0),
(4223, 23, 222, 1, 1, 0),
(4224, 23, 223, 1, 1, 0),
(4225, 23, 224, 1, 1, 0),
(4226, 23, 225, 1, 1, 0),
(4227, 23, 226, 1, 1, 0),
(4228, 23, 227, 1, 1, 0),
(4229, 23, 228, 2, 2, 0),
(4230, 23, 229, 5, 5, 0),
(4231, 23, 230, 1, 1, 0),
(4232, 23, 231, 2, 2, 0),
(4233, 23, 232, 2, 2, 0),
(4234, 23, 233, 2, 2, 0),
(4235, 23, 234, 2, 2, 0),
(4236, 23, 235, 2, 2, 0),
(4237, 23, 236, 4, 4, 0),
(4238, 23, 237, 2, 2, 0),
(4239, 23, 238, 3, 3, 0),
(4240, 23, 239, 7, 7, 0),
(4241, 23, 240, 9, 9, 0),
(4242, 23, 241, 5, 5, 0),
(4243, 23, 242, 9, 9, 0),
(4244, 23, 243, 1, 1, 0),
(4245, 23, 244, 10, 10, 0),
(4246, 23, 245, 9, 9, 0),
(4247, 23, 246, 1, 1, 0),
(4248, 23, 247, 1, 1, 0),
(4249, 23, 248, 1, 1, 0),
(4250, 23, 249, 1, 1, 0),
(4251, 23, 250, 1, 1, NULL);

-- --------------------------------------------------------

--
-- Estructura de tabla para la tabla `bodegas`
--

CREATE TABLE `bodegas` (
  `id` int(11) NOT NULL,
  `nombre` varchar(150) DEFAULT NULL,
  `estado` tinyint(1) DEFAULT NULL,
  `seleccion_ventas` int(11) DEFAULT NULL
) ENGINE=InnoDB DEFAULT CHARSET=utf8;

--
-- Volcado de datos para la tabla `bodegas`
--

INSERT INTO `bodegas` (`id`, `nombre`, `estado`, `seleccion_ventas`) VALUES
(1, 'Repuestos', 1, 0),
(2, 'Accesorios', 1, 0),
(3, 'Devoluciones', 1, 0),
(4, 'Principal', 1, 1);

-- --------------------------------------------------------

--
-- Estructura de tabla para la tabla `bodega_sucursal`
--

CREATE TABLE `bodega_sucursal` (
  `id` int(11) NOT NULL,
  `bodega_id` int(11) DEFAULT NULL,
  `sucursal_id` int(11) DEFAULT NULL,
  `estado` tinyint(4) DEFAULT NULL
) ENGINE=InnoDB DEFAULT CHARSET=utf8;

--
-- Volcado de datos para la tabla `bodega_sucursal`
--

INSERT INTO `bodega_sucursal` (`id`, `bodega_id`, `sucursal_id`, `estado`) VALUES
(1, 2, 1, 1),
(2, 1, 1, 1),
(3, 3, 1, 1),
(4, 4, 1, 1),
(5, 1, 2, 1),
(6, 2, 2, 1),
(7, 4, 2, 1),
(8, 4, 3, 1);

-- --------------------------------------------------------

--
-- Estructura de tabla para la tabla `bodega_sucursal_producto`
--

CREATE TABLE `bodega_sucursal_producto` (
  `id` int(11) NOT NULL,
  `producto_id` int(11) DEFAULT NULL,
  `bodega_id` int(11) DEFAULT NULL,
  `sucursal_id` int(11) DEFAULT NULL,
  `estado` tinyint(4) DEFAULT NULL,
  `stock` int(11) NOT NULL,
  `localizacion` varchar(45) NOT NULL DEFAULT '1A'
) ENGINE=InnoDB DEFAULT CHARSET=utf8;

--
-- Volcado de datos para la tabla `bodega_sucursal_producto`
--

INSERT INTO `bodega_sucursal_producto` (`id`, `producto_id`, `bodega_id`, `sucursal_id`, `estado`, `stock`, `localizacion`) VALUES
(1, 1, 2, 1, 1, 13, '1A'),
(2, 2, 2, 1, 1, 1, '1A'),
(3, 1, 1, 1, 1, 5, '1A'),
(4, 2, 1, 1, 1, 4, '1A'),
(5, 1, 3, 1, 1, 2, '1A'),
(6, 2, 3, 1, 1, 13, '1A'),
(7, 1, 1, 2, 1, 0, '1A'),
(8, 2, 1, 2, 1, 0, '1A'),
(9, 4, 1, 1, 1, 3, '1A'),
(10, 3, 1, 1, 1, 5, '1A'),
(11, 5, 1, 1, 1, 3, '1A'),
(12, 6, 1, 1, 1, 2, '1A'),
(13, 7, 1, 1, 1, 1, '1A'),
(14, 8, 1, 1, 1, 1, '1A'),
(15, 9, 1, 1, 1, 1, '1A'),
(16, 10, 1, 1, 1, 19, '1A'),
(17, 11, 1, 1, 1, 1, '1A'),
(18, 12, 1, 1, 1, 2, '1A'),
(19, 13, 1, 1, 1, 1, '1A'),
(20, 14, 1, 1, 1, 1, '1A'),
(21, 15, 1, 1, 1, 6, '1A'),
(22, 16, 1, 1, 1, 8, '1A'),
(23, 17, 1, 1, 1, 1, '1A'),
(24, 18, 1, 1, 1, 1, '1A'),
(25, 19, 1, 1, 1, 1, '1A'),
(26, 20, 1, 1, 1, 1, '1A'),
(27, 21, 1, 1, 1, 2, '1A'),
(28, 22, 1, 1, 1, 1, '1A'),
(29, 23, 1, 1, 1, 1, '1A'),
(30, 24, 1, 1, 1, 1, '1A'),
(31, 25, 1, 1, 1, 1, '1A'),
(32, 26, 1, 1, 1, 1, '1A'),
(33, 27, 1, 1, 1, 3, '1A'),
(34, 28, 1, 1, 1, 2, '1A'),
(35, 29, 1, 1, 1, 3, '1A'),
(36, 30, 1, 1, 1, 3, '1A'),
(37, 31, 1, 1, 1, 1, '1A'),
(38, 32, 1, 1, 1, 2, '1A'),
(39, 33, 1, 1, 1, 1, '1A'),
(40, 34, 1, 1, 1, 1, '1A'),
(41, 35, 1, 1, 1, 1, '1A'),
(42, 36, 1, 1, 1, 2, '1A'),
(43, 37, 1, 1, 1, 2, '1A'),
(44, 38, 1, 1, 1, 1, '1A'),
(45, 39, 1, 1, 1, 2, '1A'),
(46, 40, 1, 1, 1, 2, '1A'),
(47, 41, 1, 1, 1, 1, '1A'),
(48, 42, 1, 1, 1, 2, '1A'),
(49, 43, 1, 1, 1, 1, '1A'),
(50, 44, 1, 1, 1, 1, '1A'),
(51, 45, 1, 1, 1, 1, '1A'),
(52, 46, 1, 1, 1, 1, '1A'),
(53, 47, 1, 1, 1, 1, '1A'),
(54, 48, 1, 1, 1, 1, '1A'),
(55, 49, 1, 1, 1, 1, '1A'),
(56, 50, 1, 1, 1, 1, '1A'),
(57, 51, 1, 1, 1, 1, '1A'),
(58, 52, 1, 1, 1, 1, '1A'),
(59, 53, 1, 1, 1, 1, '1A'),
(60, 54, 1, 1, 1, 1, '1A'),
(61, 55, 1, 1, 1, 1, '1A'),
(62, 56, 1, 1, 1, 1, '1A'),
(63, 57, 1, 1, 1, 1, '1A'),
(64, 58, 1, 1, 1, 1, '1A'),
(65, 59, 1, 1, 1, 1, '1A'),
(66, 60, 1, 1, 1, 1, '1A'),
(67, 61, 1, 1, 1, 1, '1A'),
(68, 62, 1, 1, 1, 1, '1A'),
(69, 63, 1, 1, 1, 1, '1A'),
(70, 64, 1, 1, 1, 1, '1A'),
(71, 65, 1, 1, 1, 1, '1A'),
(72, 66, 1, 1, 1, 1, '1A'),
(73, 67, 1, 1, 1, 1, '1A'),
(74, 68, 1, 1, 1, 1, '1A'),
(75, 69, 1, 1, 1, 1, '1A'),
(76, 70, 1, 1, 1, 1, '1A'),
(77, 71, 1, 1, 1, 1, '1A'),
(78, 72, 1, 1, 1, 2, '1A'),
(79, 73, 1, 1, 1, 1, '1A'),
(80, 74, 1, 1, 1, 2, '1A'),
(81, 75, 1, 1, 1, 2, '1A'),
(82, 76, 1, 1, 1, 1, '1A'),
(83, 77, 1, 1, 1, 1, '1A'),
(84, 78, 1, 1, 1, 1, '1A'),
(85, 79, 1, 1, 1, 1, '1A'),
(86, 80, 1, 1, 1, 1, '1A'),
(87, 81, 1, 1, 1, 1, '1A'),
(88, 82, 1, 1, 1, 1, '1A'),
(89, 83, 1, 1, 1, 1, '1A'),
(90, 84, 1, 1, 1, 1, '1A'),
(91, 85, 1, 1, 1, 1, '1A'),
(92, 86, 1, 1, 1, 1, '1A'),
(93, 87, 1, 1, 1, 1, '1A'),
(94, 88, 1, 1, 1, 1, '1A'),
(95, 89, 1, 1, 1, 1, '1A'),
(96, 90, 1, 1, 1, 2, '1A'),
(97, 91, 1, 1, 1, 1, '1A'),
(98, 92, 1, 1, 1, 1, '1A'),
(99, 93, 1, 1, 1, 1, '1A'),
(100, 94, 1, 1, 1, 1, '1A'),
(101, 95, 1, 1, 1, 2, '1A'),
(102, 96, 1, 1, 1, 2, '1A'),
(103, 97, 1, 1, 1, 2, '1A'),
(104, 98, 1, 1, 1, 2, '1A'),
(105, 99, 1, 1, 1, 4, '1A'),
(106, 100, 1, 1, 1, 5, '1A'),
(107, 101, 1, 1, 1, 4, '1A'),
(108, 102, 1, 1, 1, 5, '1A'),
(109, 103, 1, 1, 1, 2, '1A'),
(110, 104, 1, 1, 1, 2, '1A'),
(111, 105, 1, 1, 1, 1, '1A'),
(112, 106, 1, 1, 1, 1, '1A'),
(113, 107, 1, 1, 1, 1, '1A'),
(114, 108, 1, 1, 1, 1, '1A'),
(115, 109, 1, 1, 1, 2, '1A'),
(116, 110, 1, 1, 1, 3, '1A'),
(117, 111, 1, 1, 1, 4, '1A'),
(118, 112, 1, 1, 1, 2, '1A'),
(119, 113, 1, 1, 1, 1, '1A'),
(120, 114, 1, 1, 1, 1, '1A'),
(121, 115, 1, 1, 1, 1, '1A'),
(122, 116, 1, 1, 1, 3, '1A'),
(123, 117, 1, 1, 1, 2, '1A'),
(124, 118, 1, 1, 1, 4, '1A'),
(125, 119, 1, 1, 1, 1, '1A'),
(126, 120, 1, 1, 1, 9, '1A'),
(127, 121, 1, 1, 1, 12, '1A'),
(128, 122, 1, 1, 1, 1, '1A'),
(129, 123, 1, 1, 1, 11, '1A'),
(130, 124, 1, 1, 1, 1, '1A'),
(131, 125, 1, 1, 1, 1, '1A'),
(132, 126, 1, 1, 1, 2, '1A'),
(133, 127, 1, 1, 1, 2, '1A'),
(134, 128, 1, 1, 1, 5, '1A'),
(135, 129, 1, 1, 1, 3, '1A'),
(136, 130, 1, 1, 1, 2, '1A'),
(137, 131, 1, 1, 1, 1, '1A'),
(138, 132, 1, 1, 1, 1, '1A'),
(139, 133, 1, 1, 1, 2, '1A'),
(140, 134, 1, 1, 1, 1, '1A'),
(141, 135, 1, 1, 1, 8, '1A'),
(142, 136, 1, 1, 1, 2, '1A'),
(143, 137, 1, 1, 1, 2, '1A'),
(144, 138, 1, 1, 1, 6, '1A'),
(145, 139, 1, 1, 1, 4, '1A'),
(146, 140, 1, 1, 1, 4, '1A'),
(147, 141, 1, 1, 1, 2, '1A'),
(148, 142, 1, 1, 1, 3, '1A'),
(149, 143, 1, 1, 1, 5, '1A'),
(150, 144, 1, 1, 1, 4, '1A'),
(151, 145, 1, 1, 1, 3, '1A'),
(152, 146, 1, 1, 1, 4, '1A'),
(153, 147, 1, 1, 1, 3, '1A'),
(154, 148, 1, 1, 1, 5, '1A'),
(155, 149, 1, 1, 1, 3, '1A'),
(156, 150, 1, 1, 1, 3, '1A'),
(157, 151, 1, 1, 1, 5, '1A'),
(158, 152, 1, 1, 1, 1, '1A'),
(159, 153, 1, 1, 1, 3, '1A'),
(160, 154, 1, 1, 1, 6, '1A'),
(161, 155, 1, 1, 1, 5, '1A'),
(162, 156, 1, 1, 1, 5, '1A'),
(163, 157, 1, 1, 1, 1, '1A'),
(164, 158, 1, 1, 1, 4, '1A'),
(165, 159, 1, 1, 1, 2, '1A'),
(166, 160, 1, 1, 1, 1, '1A'),
(167, 161, 1, 1, 1, 3, '1A'),
(168, 162, 1, 1, 1, 2, '1A'),
(169, 163, 1, 1, 1, 1, '1A'),
(170, 164, 1, 1, 1, 2, '1A'),
(171, 165, 1, 1, 1, 2, '1A'),
(172, 166, 1, 1, 1, 1, '1A'),
(173, 167, 1, 1, 1, 1, '1A'),
(174, 168, 1, 1, 1, 1, '1A'),
(175, 169, 1, 1, 1, 1, '1A'),
(176, 170, 1, 1, 1, 1, '1A'),
(177, 171, 1, 1, 1, 1, '1A'),
(178, 172, 1, 1, 1, 1, '1A'),
(179, 173, 1, 1, 1, 1, '1A'),
(180, 174, 1, 1, 1, 1, '1A'),
(181, 175, 1, 1, 1, 1, '1A'),
(182, 176, 1, 1, 1, 1, '1A'),
(183, 177, 1, 1, 1, 2, '1A'),
(184, 178, 1, 1, 1, 1, '1A'),
(185, 179, 1, 1, 1, 1, '1A'),
(186, 180, 1, 1, 1, 1, '1A'),
(187, 181, 1, 1, 1, 1, '1A'),
(188, 182, 1, 1, 1, 1, '1A'),
(189, 183, 1, 1, 1, 1, '1A'),
(190, 184, 1, 1, 1, 1, '1A'),
(191, 185, 1, 1, 1, 1, '1A'),
(192, 186, 1, 1, 1, 1, '1A'),
(193, 187, 1, 1, 1, 1, '1A'),
(194, 188, 1, 1, 1, 1, '1A'),
(195, 189, 1, 1, 1, 1, '1A'),
(196, 190, 1, 1, 1, 5, '1A'),
(197, 191, 1, 1, 1, 2, '1A'),
(198, 192, 1, 1, 1, 1, '1A'),
(199, 193, 1, 1, 1, 1, '1A'),
(200, 194, 1, 1, 1, 1, '1A'),
(201, 195, 1, 1, 1, 1, '1A'),
(202, 196, 1, 1, 1, 1, '1A'),
(203, 197, 1, 1, 1, 6, '1A'),
(204, 198, 1, 1, 1, 6, '1A'),
(205, 199, 1, 1, 1, 6, '1A'),
(206, 200, 1, 1, 1, 6, '1A'),
(207, 201, 1, 1, 1, 5, '1A'),
(208, 202, 1, 1, 1, 4, '1A'),
(209, 203, 1, 1, 1, 1, '1A'),
(210, 204, 1, 1, 1, 12, '1A'),
(211, 205, 1, 1, 1, 11, '1A'),
(212, 206, 1, 1, 1, 4, '1A'),
(213, 207, 1, 1, 1, 1, '1A'),
(214, 208, 1, 1, 1, 1, '1A'),
(215, 209, 1, 1, 1, 7, '1A'),
(216, 210, 1, 1, 1, 6, '1A'),
(217, 211, 1, 1, 1, 6, '1A'),
(218, 212, 1, 1, 1, 10, '1A'),
(219, 213, 1, 1, 1, 5, '1A'),
(220, 214, 1, 1, 1, 1, '1A'),
(221, 215, 1, 1, 1, 7, '1A'),
(222, 216, 1, 1, 1, 9, '1A'),
(223, 217, 1, 1, 1, 1, '1A'),
(224, 218, 1, 1, 1, 1, '1A'),
(225, 219, 1, 1, 1, 2, '1A'),
(226, 220, 1, 1, 1, 1, '1A'),
(227, 221, 1, 1, 1, 1, '1A'),
(228, 222, 1, 1, 1, 1, '1A'),
(229, 223, 1, 1, 1, 1, '1A'),
(230, 224, 1, 1, 1, 1, '1A'),
(231, 225, 1, 1, 1, 1, '1A'),
(232, 226, 1, 1, 1, 1, '1A'),
(233, 227, 1, 1, 1, 1, '1A'),
(234, 228, 1, 1, 1, 2, '1A'),
(235, 229, 1, 1, 1, 5, '1A'),
(236, 230, 1, 1, 1, 1, '1A'),
(237, 231, 1, 1, 1, 2, '1A'),
(238, 232, 1, 1, 1, 2, '1A'),
(239, 233, 1, 1, 1, 2, '1A'),
(240, 234, 1, 1, 1, 2, '1A'),
(241, 235, 1, 1, 1, 2, '1A'),
(242, 236, 1, 1, 1, 4, '1A'),
(243, 237, 1, 1, 1, 2, '1A'),
(244, 238, 1, 1, 1, 3, '1A'),
(245, 239, 1, 1, 1, 7, '1A'),
(246, 240, 1, 1, 1, 9, '1A'),
(247, 241, 1, 1, 1, 5, '1A'),
(248, 242, 1, 1, 1, 9, '1A'),
(249, 243, 1, 1, 1, 1, '1A'),
(250, 244, 1, 1, 1, 10, '1A'),
(251, 245, 1, 1, 1, 9, '1A'),
(252, 246, 1, 1, 1, 1, '1A'),
(253, 247, 1, 1, 1, 1, '1A'),
(254, 248, 1, 1, 1, 1, '1A'),
(255, 249, 1, 1, 1, 1, '1A'),
(256, 250, 1, 1, 1, 1, '1A'),
(257, 251, 1, 1, 1, 0, '1A'),
(258, 252, 1, 1, 1, 0, '1A'),
(259, 253, 1, 1, 1, 0, '1A'),
(260, 254, 1, 1, 1, 0, '1A'),
(261, 255, 1, 1, 1, 0, '1A'),
(262, 256, 1, 1, 1, 0, '1A'),
(263, 257, 1, 1, 1, 0, '1A'),
(264, 258, 1, 1, 1, 0, '1A'),
(265, 259, 1, 1, 1, 0, '1A'),
(266, 260, 1, 1, 1, 0, '1A'),
(267, 261, 1, 1, 1, 0, '1A'),
(268, 262, 1, 1, 1, 0, '1A'),
(269, 263, 1, 1, 1, 0, '1A'),
(270, 264, 1, 1, 1, 0, '1A'),
(271, 265, 1, 1, 1, 0, '1A'),
(272, 266, 1, 1, 1, 0, '1A'),
(273, 267, 1, 1, 1, 0, '1A'),
(274, 268, 1, 1, 1, 0, '1A'),
(275, 269, 1, 1, 1, 0, '1A'),
(276, 270, 1, 1, 1, 0, '1A'),
(277, 271, 1, 1, 1, 0, '1A'),
(278, 272, 1, 1, 1, 0, '1A'),
(279, 273, 1, 1, 1, 0, '1A'),
(280, 274, 1, 1, 1, 0, '1A'),
(281, 275, 1, 1, 1, 0, '1A'),
(282, 276, 1, 1, 1, 0, '1A'),
(283, 277, 1, 1, 1, 0, '1A'),
(284, 278, 1, 1, 1, 0, '1A'),
(285, 279, 1, 1, 1, 0, '1A'),
(286, 280, 1, 1, 1, 0, '1A'),
(287, 281, 1, 1, 1, 0, '1A'),
(288, 282, 1, 1, 1, 0, '1A'),
(289, 283, 1, 1, 1, 0, '1A'),
(290, 284, 1, 1, 1, 0, '1A'),
(291, 285, 1, 1, 1, 0, '1A'),
(292, 286, 1, 1, 1, 0, '1A'),
(293, 287, 1, 1, 1, 0, '1A'),
(294, 288, 1, 1, 1, 0, '1A'),
(295, 289, 1, 1, 1, 0, '1A'),
(296, 290, 1, 1, 1, 0, '1A'),
(297, 291, 1, 1, 1, 0, '1A'),
(298, 292, 1, 1, 1, 0, '1A'),
(299, 293, 1, 1, 1, 0, '1A'),
(300, 294, 1, 1, 1, 0, '1A'),
(301, 295, 1, 1, 1, 0, '1A'),
(302, 296, 1, 1, 1, 0, '1A'),
(303, 297, 1, 1, 1, 0, '1A'),
(304, 298, 1, 1, 1, 0, '1A'),
(305, 299, 1, 1, 1, 0, '1A'),
(306, 300, 1, 1, 1, 0, '1A'),
(307, 301, 1, 1, 1, 0, '1A'),
(308, 302, 1, 1, 1, 0, '1A'),
(309, 303, 1, 1, 1, 0, '1A'),
(310, 304, 1, 1, 1, 0, '1A'),
(311, 305, 1, 1, 1, 0, '1A'),
(312, 306, 1, 1, 1, 0, '1A'),
(313, 307, 1, 1, 1, 0, '1A'),
(314, 308, 1, 1, 1, 0, '1A'),
(315, 309, 1, 1, 1, 0, '1A'),
(316, 310, 1, 1, 1, 0, '1A'),
(317, 311, 1, 1, 1, 0, '1A'),
(318, 312, 1, 1, 1, 0, '1A'),
(319, 313, 1, 1, 1, 0, '1A'),
(320, 314, 1, 1, 1, 0, '1A'),
(321, 315, 1, 1, 1, 0, '1A'),
(322, 316, 1, 1, 1, 0, '1A'),
(323, 317, 1, 1, 1, 0, '1A'),
(324, 318, 1, 1, 1, 0, '1A'),
(325, 319, 1, 1, 1, 0, '1A'),
(326, 320, 1, 1, 1, 0, '1A'),
(327, 321, 1, 1, 1, 0, '1A'),
(328, 322, 1, 1, 1, 0, '1A'),
(329, 323, 1, 1, 1, 0, '1A'),
(330, 324, 1, 1, 1, 0, '1A'),
(331, 325, 1, 1, 1, 0, '1A'),
(332, 326, 1, 1, 1, 0, '1A'),
(333, 327, 1, 1, 1, 0, '1A'),
(334, 328, 1, 1, 1, 0, '1A'),
(335, 329, 1, 1, 1, 0, '1A'),
(336, 330, 1, 1, 1, 0, '1A'),
(337, 331, 1, 1, 1, 0, '1A'),
(338, 332, 1, 1, 1, 0, '1A'),
(339, 333, 1, 1, 1, 0, '1A'),
(340, 334, 1, 1, 1, 0, '1A'),
(341, 335, 1, 1, 1, 0, '1A'),
(342, 336, 1, 1, 1, 0, '1A'),
(343, 337, 1, 1, 1, 0, '1A'),
(344, 338, 1, 1, 1, 0, '1A'),
(345, 339, 1, 1, 1, 0, '1A'),
(346, 340, 1, 1, 1, 0, '1A'),
(347, 341, 1, 1, 1, 0, '1A'),
(348, 342, 1, 1, 1, 0, '1A'),
(349, 343, 1, 1, 1, 0, '1A'),
(350, 344, 1, 1, 1, 0, '1A'),
(351, 345, 1, 1, 1, 0, '1A'),
(352, 346, 1, 1, 1, 0, '1A'),
(353, 347, 1, 1, 1, 0, '1A'),
(354, 348, 1, 1, 1, 0, '1A'),
(355, 349, 1, 1, 1, 0, '1A'),
(356, 350, 1, 1, 1, 0, '1A'),
(357, 351, 1, 1, 1, 0, '1A'),
(358, 352, 1, 1, 1, 0, '1A'),
(359, 353, 1, 1, 1, 0, '1A'),
(360, 354, 1, 1, 1, 0, '1A'),
(361, 355, 1, 1, 1, 0, '1A'),
(362, 356, 1, 1, 1, 0, '1A'),
(363, 357, 1, 1, 1, 0, '1A'),
(364, 358, 1, 1, 1, 0, '1A'),
(365, 359, 1, 1, 1, 0, '1A'),
(366, 360, 1, 1, 1, 0, '1A'),
(367, 361, 1, 1, 1, 0, '1A'),
(368, 362, 1, 1, 1, 0, '1A'),
(369, 363, 1, 1, 1, 0, '1A'),
(370, 364, 1, 1, 1, 0, '1A'),
(371, 365, 1, 1, 1, 0, '1A'),
(372, 366, 1, 1, 1, 0, '1A'),
(373, 367, 1, 1, 1, 0, '1A'),
(374, 368, 1, 1, 1, 0, '1A'),
(375, 369, 1, 1, 1, 0, '1A'),
(376, 370, 1, 1, 1, 0, '1A'),
(377, 371, 1, 1, 1, 0, '1A'),
(378, 372, 1, 1, 1, 0, '1A'),
(379, 373, 1, 1, 1, 0, '1A'),
(380, 374, 1, 1, 1, 0, '1A'),
(381, 375, 1, 1, 1, 0, '1A'),
(382, 376, 1, 1, 1, 0, '1A'),
(383, 377, 1, 1, 1, 0, '1A'),
(384, 378, 1, 1, 1, 0, '1A'),
(385, 379, 1, 1, 1, 0, '1A'),
(386, 380, 1, 1, 1, 0, '1A'),
(387, 381, 1, 1, 1, 0, '1A'),
(388, 382, 1, 1, 1, 0, '1A'),
(389, 383, 1, 1, 1, 0, '1A'),
(390, 384, 1, 1, 1, 0, '1A'),
(391, 385, 1, 1, 1, 0, '1A'),
(392, 386, 1, 1, 1, 0, '1A'),
(393, 387, 1, 1, 1, 0, '1A'),
(394, 388, 1, 1, 1, 0, '1A'),
(395, 389, 1, 1, 1, 0, '1A'),
(396, 390, 1, 1, 1, 0, '1A'),
(397, 391, 1, 1, 1, 0, '1A'),
(398, 392, 1, 1, 1, 0, '1A'),
(399, 393, 1, 1, 1, 0, '1A'),
(400, 394, 1, 1, 1, 0, '1A'),
(401, 395, 1, 1, 1, 0, '1A'),
(402, 396, 1, 1, 1, 0, '1A'),
(403, 397, 1, 1, 1, 0, '1A'),
(404, 398, 1, 1, 1, 0, '1A'),
(405, 399, 1, 1, 1, 0, '1A'),
(406, 400, 1, 1, 1, 0, '1A'),
(407, 401, 1, 1, 1, 0, '1A'),
(408, 402, 1, 1, 1, 0, '1A'),
(409, 403, 1, 1, 1, 0, '1A');

-- --------------------------------------------------------

--
-- Estructura de tabla para la tabla `caja`
--

CREATE TABLE `caja` (
  `id` int(11) NOT NULL,
  `usuario_id` int(11) DEFAULT NULL,
  `fecha_apertura` datetime DEFAULT NULL,
  `fecha_cierre` datetime DEFAULT NULL,
  `monto_apertura` decimal(10,2) DEFAULT NULL,
  `monto_efectivo` decimal(10,2) DEFAULT NULL,
  `estado` tinyint(1) DEFAULT NULL,
  `observaciones` text,
  `sucursal_id` int(11) DEFAULT NULL
) ENGINE=InnoDB DEFAULT CHARSET=utf8;

--
-- Volcado de datos para la tabla `caja`
--

INSERT INTO `caja` (`id`, `usuario_id`, `fecha_apertura`, `fecha_cierre`, `monto_apertura`, `monto_efectivo`, `estado`, `observaciones`, `sucursal_id`) VALUES
(1, 1, '2019-06-21 22:20:01', '2019-07-12 00:03:06', '200.00', '750.00', 0, 'cierre de caja', 1),
(2, 1, '2019-06-21 22:43:07', '2019-07-12 08:25:27', '200.00', '100.00', 0, 'cerre caja', 2),
(3, 1, '2019-06-21 22:43:16', '2019-07-12 08:32:53', '300.00', '300.00', 0, 'cierre de cjaa', 3),
(4, 1, '2019-07-12 08:34:00', '2019-07-14 12:00:57', '200.00', '200.00', 0, '', 1),
(5, 4, '2019-07-14 12:21:07', NULL, '1000.00', NULL, 1, NULL, 1);

-- --------------------------------------------------------

--
-- Estructura de tabla para la tabla `calidades`
--

CREATE TABLE `calidades` (
  `id` int(11) NOT NULL,
  `nombre` varchar(45) DEFAULT NULL,
  `estado` tinyint(1) DEFAULT NULL,
  `descripcion` varchar(200) DEFAULT NULL
) ENGINE=InnoDB DEFAULT CHARSET=utf8;

--
-- Volcado de datos para la tabla `calidades`
--

INSERT INTO `calidades` (`id`, `nombre`, `estado`, `descripcion`) VALUES
(1, 'China', 1, 'calidad de china'),
(2, 'Japon', 1, 'calidad de japon'),
(3, 'Tailandia', 1, 'calidad de tailandia'),
(4, 'Americana', 1, 'USA');

-- --------------------------------------------------------

--
-- Estructura de tabla para la tabla `categorias`
--

CREATE TABLE `categorias` (
  `id` int(11) NOT NULL,
  `nombre` varchar(45) DEFAULT NULL,
  `estado` tinyint(4) DEFAULT NULL,
  `descripcion` varchar(200) DEFAULT NULL
) ENGINE=InnoDB DEFAULT CHARSET=utf8;

--
-- Volcado de datos para la tabla `categorias`
--

INSERT INTO `categorias` (`id`, `nombre`, `estado`, `descripcion`) VALUES
(1, 'Repuestos para Vehiculos Livianos', 1, 'Todo tipo de repuestos para vehículos livianos'),
(2, 'Repuestos para Vehiculos Pesados', 1, 'Todo tipo de repuestos para vehículos pesados');

-- --------------------------------------------------------

--
-- Estructura de tabla para la tabla `clientes`
--

CREATE TABLE `clientes` (
  `id` int(11) NOT NULL,
  `nombres` varchar(200) DEFAULT NULL,
  `apellidos` varchar(200) DEFAULT NULL,
  `cedula` varchar(20) DEFAULT NULL,
  `telefono` varchar(20) DEFAULT NULL,
  `direccion` varchar(200) DEFAULT NULL,
  `nit` varchar(45) DEFAULT NULL,
  `estado` int(11) DEFAULT NULL
) ENGINE=InnoDB DEFAULT CHARSET=utf8;

--
-- Volcado de datos para la tabla `clientes`
--

INSERT INTO `clientes` (`id`, `nombres`, `apellidos`, `cedula`, `telefono`, `direccion`, `nit`, `estado`) VALUES
(1, 'CF', NULL, '0123', '77555555', 'Ciudad', '0123', 1),
(2, 'Comerciales Perez', 'Perez', '1213213212', '45454545', 'Joyabaj', '12321', 1);

-- --------------------------------------------------------

--
-- Estructura de tabla para la tabla `cobros`
--

CREATE TABLE `cobros` (
  `id` int(11) NOT NULL,
  `cuenta_cobrar_id` int(11) DEFAULT NULL,
  `monto` decimal(10,2) DEFAULT NULL,
  `fecha` datetime DEFAULT NULL
) ENGINE=InnoDB DEFAULT CHARSET=utf8;

--
-- Volcado de datos para la tabla `cobros`
--

INSERT INTO `cobros` (`id`, `cuenta_cobrar_id`, `monto`, `fecha`) VALUES
(1, 1, '30.00', '2019-07-01 10:21:18');

-- --------------------------------------------------------

--
-- Estructura de tabla para la tabla `compatibilidades`
--

CREATE TABLE `compatibilidades` (
  `id` int(11) NOT NULL,
  `producto_id` int(11) DEFAULT NULL,
  `modelo_id` int(11) DEFAULT NULL
) ENGINE=InnoDB DEFAULT CHARSET=utf8;

--
-- Volcado de datos para la tabla `compatibilidades`
--

INSERT INTO `compatibilidades` (`id`, `producto_id`, `modelo_id`) VALUES
(30, 72, 15),
(31, 73, 15),
(32, 74, 15),
(33, 75, 15),
(34, 76, 15),
(36, 10, 7),
(37, 314, 9),
(38, 317, 7),
(39, 320, 7),
(40, 323, 9),
(41, 324, 7),
(42, 325, 7);

-- --------------------------------------------------------

--
-- Estructura de tabla para la tabla `compras`
--

CREATE TABLE `compras` (
  `id` int(11) NOT NULL,
  `fecha` date DEFAULT NULL,
  `serie` varchar(45) DEFAULT NULL,
  `numero_comprobante` varchar(45) DEFAULT NULL,
  `comprobante_id` int(11) DEFAULT NULL,
  `estado` tinyint(1) DEFAULT NULL,
  `subtotal` decimal(10,2) DEFAULT NULL,
  `total` decimal(10,2) DEFAULT NULL,
  `tipo_pago` tinyint(1) DEFAULT NULL,
  `proveedor_id` int(11) DEFAULT NULL,
  `sucursal_id` int(11) DEFAULT NULL
) ENGINE=InnoDB DEFAULT CHARSET=utf8;

--
-- Volcado de datos para la tabla `compras`
--

INSERT INTO `compras` (`id`, `fecha`, `serie`, `numero_comprobante`, `comprobante_id`, `estado`, `subtotal`, `total`, `tipo_pago`, `proveedor_id`, `sucursal_id`) VALUES
(1, '2019-06-21', '001', '000012', 2, 1, '300.00', '300.00', 1, 1, 1),
(2, '2019-06-21', '001', '000013', 2, 1, '300.00', '300.00', 2, 1, 1),
(3, '2019-06-25', '001', '0000012', 2, 1, '600.00', '600.00', 1, 1, 1),
(4, '2019-07-10', '001', '00000012', 2, 1, '800.00', '800.00', 1, 1, 1),
(5, '2019-07-14', 'A', '123123', 3, 1, '60.00', '60.00', 1, 1, 1),
(6, '2019-07-14', 'A', '123456', 3, 1, '0.00', '0.00', 1, 1, 1),
(7, '2019-07-14', 'A', '45850', 1, 1, '23775.00', '23775.00', 1, 1, 1);

-- --------------------------------------------------------

--
-- Estructura de tabla para la tabla `comprobantes`
--

CREATE TABLE `comprobantes` (
  `id` int(11) NOT NULL,
  `nombre` varchar(45) DEFAULT NULL,
  `descripcion` varchar(45) DEFAULT NULL,
  `estado` tinyint(1) DEFAULT NULL,
  `permitir_anular` tinyint(1) DEFAULT NULL,
  `solicitar_nit` tinyint(1) DEFAULT NULL,
  `seleccion_ventas` int(1) NOT NULL
) ENGINE=InnoDB DEFAULT CHARSET=utf8;

--
-- Volcado de datos para la tabla `comprobantes`
--

INSERT INTO `comprobantes` (`id`, `nombre`, `descripcion`, `estado`, `permitir_anular`, `solicitar_nit`, `seleccion_ventas`) VALUES
(1, 'FACTURA', 'Comprobante Factura', 1, 0, NULL, 0),
(2, 'BOLETA', 'Comprobante Boleta', 1, 1, NULL, 0),
(3, 'TICKET', 'Comprobante Ticket', 1, 1, NULL, 1);

-- --------------------------------------------------------

--
-- Estructura de tabla para la tabla `comprobante_sucursal`
--

CREATE TABLE `comprobante_sucursal` (
  `id` int(11) NOT NULL,
  `comprobante_id` int(11) DEFAULT NULL,
  `sucursal_id` int(11) DEFAULT NULL,
  `serie` varchar(20) DEFAULT NULL,
  `numero_inicial` int(11) DEFAULT NULL,
  `limite` int(11) DEFAULT NULL,
  `fecha_aprobacion_sat` date DEFAULT NULL,
  `fecha_vencimiento_sat` date DEFAULT NULL,
  `dias_vencimiento` int(11) DEFAULT NULL,
  `estado` tinyint(1) DEFAULT '1',
  `realizados` int(11) NOT NULL
) ENGINE=InnoDB DEFAULT CHARSET=utf8;

--
-- Volcado de datos para la tabla `comprobante_sucursal`
--

INSERT INTO `comprobante_sucursal` (`id`, `comprobante_id`, `sucursal_id`, `serie`, `numero_inicial`, `limite`, `fecha_aprobacion_sat`, `fecha_vencimiento_sat`, `dias_vencimiento`, `estado`, `realizados`) VALUES
(1, 1, 1, '001', 1, 100, '2019-06-10', '2019-09-09', 90, 1, 2),
(3, 2, 1, '001', 1, 100, '2019-06-02', '2019-09-03', 90, 1, 2),
(4, 1, 2, '002', 1, 100, '2019-06-02', '2019-06-03', 90, 1, 0),
(5, 2, 2, '001', 1, 200, '2019-01-02', '2019-06-05', 90, 1, 0),
(6, 3, 1, '001', 1, 100, '2019-05-04', '2019-08-02', 90, 1, 4),
(7, 1, 3, '001', 1, 100, '2019-02-01', '2019-06-03', 60, 1, 0);

-- --------------------------------------------------------

--
-- Estructura de tabla para la tabla `correos`
--

CREATE TABLE `correos` (
  `id` int(11) NOT NULL,
  `correo` varchar(150) DEFAULT NULL,
  `sucursal_id` int(11) DEFAULT NULL
) ENGINE=InnoDB DEFAULT CHARSET=utf8;

-- --------------------------------------------------------

--
-- Estructura de tabla para la tabla `cuentas_cobrar`
--

CREATE TABLE `cuentas_cobrar` (
  `id` int(11) NOT NULL,
  `venta_id` int(11) DEFAULT NULL,
  `monto` decimal(10,2) DEFAULT NULL,
  `estado` tinyint(1) DEFAULT NULL,
  `fecha` datetime DEFAULT NULL
) ENGINE=InnoDB DEFAULT CHARSET=utf8;

--
-- Volcado de datos para la tabla `cuentas_cobrar`
--

INSERT INTO `cuentas_cobrar` (`id`, `venta_id`, `monto`, `estado`, `fecha`) VALUES
(1, 6, '90.00', 0, '2019-07-01 00:00:00');

-- --------------------------------------------------------

--
-- Estructura de tabla para la tabla `cuentas_pagar`
--

CREATE TABLE `cuentas_pagar` (
  `id` int(11) NOT NULL,
  `compra_id` int(11) DEFAULT NULL,
  `monto` decimal(10,2) DEFAULT NULL,
  `fecha` date DEFAULT NULL,
  `estado` tinyint(1) DEFAULT NULL
) ENGINE=InnoDB DEFAULT CHARSET=utf8;

--
-- Volcado de datos para la tabla `cuentas_pagar`
--

INSERT INTO `cuentas_pagar` (`id`, `compra_id`, `monto`, `fecha`, `estado`) VALUES
(1, 2, '300.00', '2019-06-21', 0);

-- --------------------------------------------------------

--
-- Estructura de tabla para la tabla `detalle_compra`
--

CREATE TABLE `detalle_compra` (
  `id` int(11) NOT NULL,
  `compra_id` int(11) DEFAULT NULL,
  `producto_id` int(11) DEFAULT NULL,
  `precio` decimal(10,2) DEFAULT NULL,
  `cantidad` int(11) DEFAULT NULL,
  `importe` decimal(10,2) DEFAULT NULL
) ENGINE=InnoDB DEFAULT CHARSET=utf8;

--
-- Volcado de datos para la tabla `detalle_compra`
--

INSERT INTO `detalle_compra` (`id`, `compra_id`, `producto_id`, `precio`, `cantidad`, `importe`) VALUES
(1, 1, 2, '25.00', 12, '300.00'),
(2, 2, 2, '25.00', 12, '300.00'),
(3, 3, 2, '25.00', 24, '600.00'),
(4, 4, 1, '40.00', 20, '800.00'),
(5, 5, 4, '15.00', 4, '60.00'),
(6, 6, 1, '400.00', 1, '400.00'),
(7, 7, 1, '700.00', 5, '3500.00'),
(8, 7, 2, '75.00', 4, '300.00'),
(9, 7, 3, '75.00', 5, '375.00'),
(10, 7, 4, '400.00', 3, '1200.00'),
(11, 7, 5, '150.00', 3, '450.00'),
(12, 7, 6, '1000.00', 2, '2000.00'),
(13, 7, 7, '1200.00', 1, '1200.00'),
(14, 7, 8, '400.00', 1, '400.00'),
(15, 7, 9, '1000.00', 1, '1000.00'),
(16, 7, 10, '600.00', 20, '12000.00'),
(17, 7, 11, '450.00', 1, '450.00'),
(18, 7, 12, '450.00', 2, '900.00');

-- --------------------------------------------------------

--
-- Estructura de tabla para la tabla `detalle_venta`
--

CREATE TABLE `detalle_venta` (
  `id` int(11) NOT NULL,
  `venta_id` int(11) DEFAULT NULL,
  `producto_id` int(11) DEFAULT NULL,
  `cantidad` int(11) DEFAULT NULL,
  `precio` decimal(10,2) DEFAULT NULL,
  `importe` decimal(10,2) DEFAULT NULL
) ENGINE=InnoDB DEFAULT CHARSET=utf8;

--
-- Volcado de datos para la tabla `detalle_venta`
--

INSERT INTO `detalle_venta` (`id`, `venta_id`, `producto_id`, `cantidad`, `precio`, `importe`) VALUES
(1, 1, 2, 3, '25.00', '75.00'),
(2, 2, 2, 3, '25.00', '75.00'),
(3, 3, 2, 2, '25.00', '50.00'),
(4, 4, 2, 3, '30.00', '90.00'),
(5, 5, 2, 2, '30.00', '60.00'),
(6, 6, 2, 3, '30.00', '90.00'),
(7, 7, 1, 5, '40.00', '200.00'),
(8, 8, 10, 1, '850.00', '600.00');

-- --------------------------------------------------------

--
-- Estructura de tabla para la tabla `devoluciones`
--

CREATE TABLE `devoluciones` (
  `id` int(11) NOT NULL,
  `venta_id` int(11) NOT NULL,
  `fecha` datetime DEFAULT NULL,
  `bodega_id` int(11) DEFAULT NULL,
  `sucursal_id` int(11) DEFAULT NULL,
  `usuario_id` int(11) DEFAULT NULL,
  `estado` tinyint(1) DEFAULT NULL
) ENGINE=InnoDB DEFAULT CHARSET=utf8;

--
-- Volcado de datos para la tabla `devoluciones`
--

INSERT INTO `devoluciones` (`id`, `venta_id`, `fecha`, `bodega_id`, `sucursal_id`, `usuario_id`, `estado`) VALUES
(1, 7, '2019-07-10 23:24:28', 2, 1, 1, 1),
(2, 7, '2019-07-10 23:46:29', 2, 1, 1, 1),
(3, 2, '2019-07-11 09:30:14', 2, 1, 1, 1);

-- --------------------------------------------------------

--
-- Estructura de tabla para la tabla `devoluciones_productos`
--

CREATE TABLE `devoluciones_productos` (
  `id` int(11) NOT NULL,
  `devolucion_id` int(11) DEFAULT NULL,
  `producto_id` int(11) DEFAULT NULL,
  `cantidad` int(11) DEFAULT NULL
) ENGINE=InnoDB DEFAULT CHARSET=utf8;

--
-- Volcado de datos para la tabla `devoluciones_productos`
--

INSERT INTO `devoluciones_productos` (`id`, `devolucion_id`, `producto_id`, `cantidad`) VALUES
(1, 1, 1, 1),
(2, 2, 1, 1),
(3, 3, 2, 1);

-- --------------------------------------------------------

--
-- Estructura de tabla para la tabla `fabricantes`
--

CREATE TABLE `fabricantes` (
  `id` int(11) NOT NULL,
  `nombre` varchar(100) DEFAULT NULL,
  `descripcion` varchar(200) DEFAULT NULL,
  `estado` tinyint(1) DEFAULT NULL
) ENGINE=InnoDB DEFAULT CHARSET=utf8;

--
-- Volcado de datos para la tabla `fabricantes`
--

INSERT INTO `fabricantes` (`id`, `nombre`, `descripcion`, `estado`) VALUES
(1, 'Toyota', 'Toyota', 1),
(2, 'Nissan', 'Nissan', 1),
(3, 'Honda', 'Honda', 1),
(4, 'Suzuki', 'Suzuki', 1),
(5, 'GEO', 'GEO', 1),
(6, 'Ford', 'Ford', 1),
(7, 'Chevrolet', 'Chevrolet', 1),
(8, 'Jeep', 'Jeep', 1),
(9, 'Mazda', 'Mazda', 1),
(10, 'Gran Vitara', 'Gran Vitara', 1),
(11, 'Izusu', 'Izusu', 1),
(12, 'Hiace ', 'Hiace', 0);

-- --------------------------------------------------------

--
-- Estructura de tabla para la tabla `gastos`
--

CREATE TABLE `gastos` (
  `id` int(11) NOT NULL,
  `sucursal_id` int(11) DEFAULT NULL,
  `usuario_id` int(11) DEFAULT NULL,
  `fecha` datetime DEFAULT NULL,
  `monto` decimal(10,2) DEFAULT NULL,
  `nombre` varchar(150) DEFAULT NULL,
  `observaciones` text,
  `caja_id` int(11) DEFAULT NULL
) ENGINE=InnoDB DEFAULT CHARSET=utf8;

-- --------------------------------------------------------

--
-- Estructura de tabla para la tabla `marcas`
--

CREATE TABLE `marcas` (
  `id` int(11) NOT NULL,
  `nombre` varchar(45) DEFAULT NULL,
  `estado` tinyint(1) DEFAULT NULL,
  `descripcion` varchar(200) DEFAULT NULL
) ENGINE=InnoDB DEFAULT CHARSET=utf8;

--
-- Volcado de datos para la tabla `marcas`
--

INSERT INTO `marcas` (`id`, `nombre`, `estado`, `descripcion`) VALUES
(1, 'Marca 01', 1, 'descripcion Marca 01'),
(2, 'Marca 02', 1, 'Descripcion Marca 02'),
(3, 'Marca 03', 1, 'descripcion de la marca 03');

-- --------------------------------------------------------

--
-- Estructura de tabla para la tabla `menus`
--

CREATE TABLE `menus` (
  `id` int(11) NOT NULL,
  `url` varchar(200) DEFAULT NULL,
  `nombre` varchar(200) DEFAULT NULL,
  `icono` varchar(150) DEFAULT NULL,
  `parent` int(11) DEFAULT NULL,
  `orden` int(11) DEFAULT NULL,
  `estado` tinyint(1) DEFAULT NULL
) ENGINE=InnoDB DEFAULT CHARSET=utf8;

--
-- Volcado de datos para la tabla `menus`
--

INSERT INTO `menus` (`id`, `url`, `nombre`, `icono`, `parent`, `orden`, `estado`) VALUES
(1, 'backend/dashboard', 'Dashboard', 'fa fa-dashboard', 0, 1, 1),
(2, '#', 'Almacén', 'fa fa-database', 0, 2, 1),
(4, '#', 'Caja', 'fa fa-calculator', 0, 3, 1),
(5, '#', 'Movimientos', 'fa fa-cart-plus', 0, 4, 1),
(6, '#', 'Reportes', 'fa fa-print', 0, 5, 1),
(7, 'backend/cuentas_cobrar', 'Cuentas por Cobrar', 'fa fa-money', 0, 6, 1),
(8, 'backend/cuentas_pagar', 'Cuentas por Pagar', 'fa fa-money', 0, 7, 1),
(9, '#', 'Administrador', 'fa fa-user', 0, 8, 1),
(10, 'almacen/bodegas', 'Bodegas', 'fa fa-circle-o', 2, 1, 1),
(11, 'inventario/traslados', 'Traslados', 'fa fa-circle-o', 44, 3, 1),
(12, 'inventario/devoluciones', 'Devoluciones', 'fa fa-circle-o', 44, 3, 1),
(13, 'almacen/productos', 'Productos', 'fa fa-circle-o', 2, 4, 1),
(14, 'almacen/categorias', 'Categorias', 'fa fa-circle-o', 2, 5, 1),
(15, 'almacen/subcategorias', 'Subcategorias', 'fa fa-circle-o', 2, 6, 1),
(16, 'almacen/calidades', 'Calidades', 'fa fa-circle-o', 2, 7, 1),
(17, 'almacen/marcas', 'Marcas', 'fa fa-circle-o', 2, 8, 1),
(18, 'almacen/fabricantes', 'Fabricantes', 'fa fa-circle-o', 2, 9, 1),
(19, 'almacen/modelos', 'Modelos', 'fa fa-circle-o', 2, 10, 1),
(20, 'almacen/years', 'Años', 'fa fa-circle-o', 2, 11, 1),
(21, 'almacen/presentaciones', 'Presentaciones', 'fa fa-circle-o', 2, 12, 1),
(22, 'almacen/proveedores', 'Proveedores', 'fa fa-circle-o', 2, 13, 1),
(23, 'inventario/ajuste', 'Ajuste de Inventario', 'fa fa-circle-o', 44, 14, 1),
(24, 'caja/apertura_cierre', 'Aperturas y Cierre', 'fa fa-circle-o', 4, 1, 1),
(25, 'caja/gastos', 'Gastos', 'fa fa-circle-o', 4, 2, 1),
(26, 'movimientos/compras', 'Compras', 'fa fa-circle-o', 5, 1, 1),
(27, 'movimientos/ventas', 'Ventas', 'fa fa-circle-o', 5, 2, 1),
(28, 'reportes/ventas', 'Reporte de Ventas', 'fa fa-circle-o', 6, 1, 1),
(29, 'reportes/productos', 'Reporte de Productos', 'fa fa-circle-o', 6, 2, 1),
(30, 'reportes/compras', 'Reporte de Compras', 'fa fa-circle-o', 6, 3, 1),
(31, 'reportes/ganancias', 'Reporte de Ganancias', 'fa fa-circle-o', 6, 4, 1),
(32, 'reportes/inventario', 'Reporte de Inventario', 'fa fa-circle-o', 6, 5, 1),
(33, 'administrador/usuarios', 'Usuarios', 'fa fa-circle-o', 9, 1, 1),
(34, 'administrador/permisos', 'Permisos', 'fa fa-circle-o', 9, 2, 1),
(35, 'administrador/correos', 'Correos', 'fa fa-circle-o', 9, 3, 1),
(36, 'administrador/tarjetas', 'Tarjetas', 'fa fa-circle-o', 9, 4, 1),
(37, 'administrador/tipo_comprobantes', 'Tipos de Comprobantes', 'fa fa-circle-o', 9, 5, 1),
(38, 'administrador/comprobantes', 'Comprobantes', 'fa fa-circle-o', 9, 6, 1),
(39, 'administrador/sucursales', 'Sucursales', 'fa fa-circle-o', 9, 7, 1),
(40, 'administrador/roles', 'Roles', 'fa fa-circle-o', 9, 8, 1),
(41, 'administrador/menus', 'Menús', 'fa fa-circle-o', 9, 9, 1),
(42, 'almacen/tipo_bodegas', 'Tipo de Bodegas', 'fa fa-circle-o', 2, 15, 1),
(43, 'almacen/tipo_precios', 'Tipo de Precios', 'fa fa-circle-o', 2, 16, 1),
(44, '#', 'Inventario', 'fa fa-cogs', 0, 9, 1),
(45, 'inventario/productos', 'Inventario productos', 'fa fa-circle-o', 44, 1, 1),
(46, 'almacen/clientes', 'Clientes', 'fa fa-circle-o', 2, 17, 1);

-- --------------------------------------------------------

--
-- Estructura de tabla para la tabla `modelos`
--

CREATE TABLE `modelos` (
  `id` int(11) NOT NULL,
  `nombre` varchar(100) DEFAULT NULL,
  `estado` tinyint(1) DEFAULT NULL,
  `descripcion` varchar(200) DEFAULT NULL
) ENGINE=InnoDB DEFAULT CHARSET=utf8;

--
-- Volcado de datos para la tabla `modelos`
--

INSERT INTO `modelos` (`id`, `nombre`, `estado`, `descripcion`) VALUES
(1, 'Modelo 01', 1, 'descripcion del modelo 01'),
(2, 'Modelo 02', 1, 'descripcion del modelo 02'),
(3, 'Tacoma', 1, 'Tacoma'),
(4, 'RAV4', 1, 'RAV4'),
(5, 'Hi-ICE', 1, 'Hi-ICE'),
(6, 'CRV', 1, 'CRV'),
(7, '4RUNNER', 1, '4RUNNER'),
(8, 'XTERRA', 1, 'XTERRA'),
(9, '22R', 1, '22R'),
(10, 'Samurai', 1, 'Samurai'),
(11, 'Corolla', 1, 'Corolla'),
(12, 'TRACKER', 1, 'TRACKER'),
(13, 'STORM', 1, 'STORM'),
(14, 'Sienna LE', 1, 'Sienna LE'),
(15, 'Ranger', 1, 'Ranger'),
(16, 'XL7', 1, 'XL7'),
(17, 'Gran Vitara', 1, 'Gran Vitara'),
(18, 'Hiace ', 1, 'Hiace');

-- --------------------------------------------------------

--
-- Estructura de tabla para la tabla `pagos`
--

CREATE TABLE `pagos` (
  `id` int(11) NOT NULL,
  `cuenta_pagar_id` int(11) DEFAULT NULL,
  `monto` decimal(10,2) DEFAULT NULL,
  `fecha` date DEFAULT NULL
) ENGINE=InnoDB DEFAULT CHARSET=utf8;

--
-- Volcado de datos para la tabla `pagos`
--

INSERT INTO `pagos` (`id`, `cuenta_pagar_id`, `monto`, `fecha`) VALUES
(1, 1, '150.00', '2019-07-01');

-- --------------------------------------------------------

--
-- Estructura de tabla para la tabla `permisos`
--

CREATE TABLE `permisos` (
  `id` int(11) NOT NULL,
  `menu_id` int(11) DEFAULT NULL,
  `rol_id` int(11) DEFAULT NULL,
  `read` int(11) DEFAULT NULL,
  `insert` int(11) DEFAULT NULL,
  `update` int(11) DEFAULT NULL,
  `delete` int(11) DEFAULT NULL
) ENGINE=InnoDB DEFAULT CHARSET=utf8;

--
-- Volcado de datos para la tabla `permisos`
--

INSERT INTO `permisos` (`id`, `menu_id`, `rol_id`, `read`, `insert`, `update`, `delete`) VALUES
(1, 1, 1, 1, 1, 1, 1),
(2, 2, 1, 1, 1, 1, 1),
(3, 4, 1, 1, 1, 1, 1),
(4, 5, 1, 1, 1, 1, 1),
(5, 6, 1, 1, 1, 1, 1),
(6, 7, 1, 1, 1, 1, 1),
(7, 8, 1, 1, 1, 1, 1),
(8, 9, 1, 1, 1, 1, 1),
(9, 10, 1, 1, 1, 1, 1),
(10, 11, 1, 1, 1, 1, 1),
(11, 12, 1, 1, 1, 1, 1),
(12, 13, 1, 1, 1, 1, 1),
(13, 14, 1, 1, 1, 1, 1),
(14, 15, 1, 1, 1, 1, 1),
(15, 16, 1, 1, 1, 1, 1),
(16, 17, 1, 1, 1, 1, 1),
(17, 18, 1, 1, 1, 1, 1),
(18, 19, 1, 1, 1, 1, 1),
(19, 20, 1, 1, 1, 1, 1),
(20, 21, 1, 1, 1, 1, 1),
(21, 22, 1, 1, 1, 1, 1),
(22, 23, 1, 1, 1, 1, 1),
(23, 24, 1, 1, 1, 1, 1),
(24, 25, 1, 1, 1, 1, 1),
(25, 26, 1, 1, 1, 1, 1),
(26, 27, 1, 1, 1, 1, 1),
(27, 28, 1, 1, 1, 1, 1),
(28, 29, 1, 1, 1, 1, 1),
(29, 30, 1, 1, 1, 1, 1),
(30, 31, 1, 1, 1, 1, 1),
(31, 32, 1, 1, 1, 1, 1),
(32, 33, 1, 1, 1, 1, 1),
(33, 34, 1, 1, 1, 1, 1),
(34, 35, 1, 1, 1, 1, 1),
(35, 36, 1, 1, 1, 1, 1),
(36, 37, 1, 1, 1, 1, 1),
(37, 38, 1, 1, 1, 1, 1),
(38, 39, 1, 1, 1, 1, 1),
(39, 40, 1, 1, 1, 1, 1),
(40, 41, 1, 1, 1, 1, 1),
(41, 1, 2, 1, 1, 1, 1),
(42, 4, 2, 1, 1, 1, 1),
(43, 5, 2, 1, 1, 1, 1),
(44, 6, 2, 1, 1, 1, 1),
(45, 7, 2, 1, 1, 1, 1),
(46, 8, 2, 1, 1, 1, 1),
(47, 9, 2, 1, 1, 1, 1),
(48, 28, 2, 1, 1, 1, 1),
(49, 38, 2, 1, 0, 0, 0),
(50, 42, 1, 1, 1, 1, 1),
(51, 2, 2, 1, 1, 1, 1),
(52, 10, 2, 1, 1, 1, 1),
(53, 43, 1, 1, 1, 1, 1),
(54, 44, 1, 1, 1, 1, 1),
(55, 45, 1, 1, 1, 1, 1),
(56, 44, 2, 1, 1, 1, 1),
(57, 45, 2, 1, 1, 1, 1),
(58, 24, 2, 1, 1, 1, 1),
(59, 46, 1, 1, 1, 1, 1);

-- --------------------------------------------------------

--
-- Estructura de tabla para la tabla `precios`
--

CREATE TABLE `precios` (
  `id` int(11) NOT NULL,
  `nombre` varchar(100) DEFAULT NULL,
  `descripcion` varchar(200) DEFAULT NULL,
  `estado` tinyint(1) DEFAULT NULL
) ENGINE=InnoDB DEFAULT CHARSET=utf8;

--
-- Volcado de datos para la tabla `precios`
--

INSERT INTO `precios` (`id`, `nombre`, `descripcion`, `estado`) VALUES
(1, 'Minorista', 'precio a compradores normales', 1),
(2, 'Mayoristas', 'precio para negociantes', 1),
(3, 'Precio 1', '', 1),
(4, 'Precio 2', '', 1),
(5, 'Precio 3', '', 1),
(6, 'Precio 4', '', 1);

-- --------------------------------------------------------

--
-- Estructura de tabla para la tabla `presentaciones`
--

CREATE TABLE `presentaciones` (
  `id` int(11) NOT NULL,
  `nombre` varchar(100) DEFAULT NULL,
  `descripcion` text,
  `estado` tinyint(1) DEFAULT NULL
) ENGINE=InnoDB DEFAULT CHARSET=utf8;

--
-- Volcado de datos para la tabla `presentaciones`
--

INSERT INTO `presentaciones` (`id`, `nombre`, `descripcion`, `estado`) VALUES
(1, 'Litro', 'presentaciones en litro', 1),
(2, 'Galon', 'presentacion en galon', 1),
(3, 'Unidad', 'Presentacion en Unidad', 1),
(4, 'Cubeta', 'Cubeta', 1);

-- --------------------------------------------------------

--
-- Estructura de tabla para la tabla `productos`
--

CREATE TABLE `productos` (
  `id` int(11) NOT NULL,
  `codigo_barras` varchar(50) DEFAULT NULL,
  `nombre` varchar(200) DEFAULT NULL,
  `descripcion` varchar(200) DEFAULT NULL,
  `year_id` int(11) DEFAULT NULL,
  `fabricante_id` int(11) DEFAULT NULL,
  `modelo_id` int(11) DEFAULT NULL,
  `calidad_id` int(11) DEFAULT NULL,
  `categoria_id` int(11) DEFAULT NULL,
  `subcategoria_id` int(11) DEFAULT NULL,
  `marca_id` int(11) DEFAULT NULL,
  `presentacion_id` int(11) DEFAULT NULL,
  `estado` tinyint(1) DEFAULT NULL,
  `stock_minimo` int(11) DEFAULT NULL,
  `imagen` text
) ENGINE=InnoDB DEFAULT CHARSET=utf8;

--
-- Volcado de datos para la tabla `productos`
--

INSERT INTO `productos` (`id`, `codigo_barras`, `nombre`, `descripcion`, `year_id`, `fabricante_id`, `modelo_id`, `calidad_id`, `categoria_id`, `subcategoria_id`, `marca_id`, `presentacion_id`, `estado`, `stock_minimo`, `imagen`) VALUES
(1, '001', 'Compuerta T Runner 96-02', '1A1', 18, 1, 1, 4, 1, 6, 1, 3, 1, 5, 'compuerta1.jpg'),
(2, '002', 'Amortiguadores Puerta T Runner 96-02', '1A1', 18, 1, 1, 2, 1, 6, 1, 3, 1, 4, 'amorttrunner1.jpg'),
(3, '003', 'Colitas Runner 96-02', '1A1', 18, 1, 1, 4, 1, 6, 1, 3, 1, 5, 'colitarunner1.jpg'),
(4, '004', 'Vidrios T Runner', '1A1', 18, 1, 1, 4, 1, 6, 1, 3, 1, 3, 'vidriostrunner1.jpg'),
(5, '005', 'Cremalleras T Runner 96-02', '1A1', 18, 1, 1, 4, 1, 9, 1, 3, 1, 3, 'cremallera1.jpg'),
(6, '006', 'Compuerta T RAV4 96-00', '1B1', 18, 1, 1, 2, 1, 6, 1, 3, 1, 2, 'comptr42.jpg'),
(7, '007', 'Compuerta T RAV4 01-05', '1A1', 23, 1, 1, 2, 1, 6, 1, 3, 1, 1, 'comptr4.jpg'),
(8, '008', 'Compuerta T Toyota Pickup 4x4-4x2 84-88', '1A1', 6, 1, 1, 2, 1, 6, 1, 3, 1, 1, '4X41.jpg'),
(9, '009', 'Compuerta T Nissan Xterra 98-02', '1A1', 20, 2, 8, 2, 1, 6, 1, 3, 1, 1, 'xterra1.jpg'),
(10, '0010', 'Bomba Hidraulica Toyota 22R 80-95', '1A2', 2, 1, 9, 2, 1, 6, 1, 3, 1, 19, '3519659058.jpg'),
(11, '0011', 'capo honda crv 96-01', '1C1', 18, 3, 6, 2, 1, 6, 1, 3, 1, 1, '148246945_12.jpg'),
(12, '0012', 'CAPO HONDA CRV 01-06', '1C1', 23, 3, 6, 2, 1, 6, 1, 3, 1, 1, '148246945_1.jpg'),
(13, '0013', 'Capo Toyota Corolla 02-07', '1C1', 24, 1, 11, 2, 1, 6, 1, 3, 1, 2, 'corolla.jpg'),
(14, '0014', 'Capot Suzuki Samurai 84-94', '1D1', 6, 4, 10, 2, 1, 6, 1, 3, 1, 2, 'capo.jpg'),
(15, '0015', 'Capot Toyota Pickup 89-95', '1C1', 11, 1, 9, 2, 1, 6, 1, 3, 1, 2, 'image_default.jpg'),
(16, '0016', 'Capot Toyota 4Runner 96-02', '1C1', 18, 1, 7, 2, 1, 6, 1, 3, 1, 2, 'image_default.jpg'),
(17, '0017', 'Compuerta T. Toyota Sienna 97-02', '1B1', 19, 1, 14, 4, 1, 6, 1, 3, 1, 2, 'image_default.jpg'),
(18, '0018', 'Compuerta T Suzuki Samurai 85-94', '1B1', 7, 4, 10, 4, 1, 6, 1, 3, 1, 2, 'image_default.jpg'),
(19, '0019', 'Compuerta T Suzuki XL7 00-05', '1B1', 22, 4, 16, 4, 1, 6, 1, 3, 1, 2, 'image_default.jpg'),
(20, '0020', 'Amortiguadores Puerta T Suzuki Samurai 85-94', '1B1', 7, 4, 10, 4, 1, 4, 1, 3, 1, 2, 'image_default.jpg'),
(21, '0021', 'Capot Toyota Tacoma Sencillo 95-98', '1C1', 17, 1, 3, 4, 1, 6, 1, 3, 1, 2, 'image_default.jpg'),
(22, '0022', 'Bisagra P/CAPOT Tacoma L 95-01', '1C1', 17, 1, 3, 4, 1, 6, 1, 3, 1, 2, 'image_default.jpg'),
(23, '0023', 'Bisagra P/CAPOT Tacoma R 95-01', '1C1', 17, 1, 3, 4, 1, 6, 1, 3, 1, 2, 'image_default.jpg'),
(24, '0024', 'Capot Nissan Xterra 99-02', '1D1', 21, 2, 8, 4, 1, 6, 1, 3, 1, 2, 'image_default.jpg'),
(25, '0025', 'Capot Mazda Pickup B2300 93-97', '1D1', 15, 9, 9, 4, 1, 6, 1, 3, 1, 2, 'image_default.jpg'),
(26, '0026', 'Capot Ford Ranger 93-01', '1D1', 15, 6, 15, 4, 1, 6, 1, 3, 1, 2, 'image_default.jpg'),
(27, '0027', 'Loderas C/moldura R Toyota 4Runner 96-02', '1A3', 18, 1, 7, 4, 1, 6, 1, 3, 1, 2, 'image_default.jpg'),
(28, '0028', 'Moldura p/puerta R Toy. 4Runner 96-02', '1A3', 18, 1, 7, 4, 1, 6, 1, 3, 1, 2, 'image_default.jpg'),
(29, '0029', 'Loderas R C/moldura Toyota 4Runner 96-02', '1A3', 18, 1, 7, 4, 1, 6, 1, 3, 1, 2, 'image_default.jpg'),
(30, '0030', 'Moldura P/puerta R Toyota 4Runner 96-02', '1A3', 18, 1, 7, 4, 1, 6, 1, 3, 1, 2, 'image_default.jpg'),
(31, '0031', 'Lodera R Toyota Pickup  4x4 84-88', '1B3', 6, 1, 9, 4, 1, 6, 1, 3, 1, 2, 'image_default.jpg'),
(32, '0032', 'Lodera L Toyota Pickup 4x4 84-88', '1B3', 6, 1, 9, 4, 1, 6, 1, 3, 1, 2, 'image_default.jpg'),
(33, '0033', 'Lodera R Toyota Pickup 4x2 84-88', '1B4', 6, 1, 9, 4, 1, 6, 1, 3, 1, 2, 'image_default.jpg'),
(34, '0034', 'Lodera R Toyota Tacoma 96-01', '1C3', 18, 1, 3, 4, 1, 6, 1, 3, 1, 2, 'image_default.jpg'),
(35, '0035', 'Lodera L Toyota Tacoma 96-01', '1C3', 18, 1, 3, 4, 1, 6, 1, 3, 1, 2, 'image_default.jpg'),
(36, '0036', 'Lodera L sin moldura Toyota 4Runner 96-01', '1C3', 18, 1, 7, 4, 1, 6, 1, 3, 1, 2, 'image_default.jpg'),
(37, '0037', 'Lodera R  Toyota 4Runner sin moldura 96-01', '1D3', 18, 1, 7, 4, 1, 6, 1, 3, 1, 2, 'image_default.jpg'),
(38, '0038', 'Antena Toyota 4Runner 96-01', '1D3', 18, 1, 7, 4, 1, 6, 1, 3, 1, 2, 'image_default.jpg'),
(39, '0039', 'Guardafangos L Toyota 4Runner  96.01', '1C3', 18, 1, 7, 4, 1, 6, 1, 3, 1, 2, 'image_default.jpg'),
(40, '0040', 'Guardafangos R Toyota 4Runner 96-01', '1D3', 18, 1, 6, 4, 1, 6, 1, 3, 1, 2, 'image_default.jpg'),
(41, '0041', 'Guardafangos L Toyota Pickup 84-88', '1B3', 6, 1, 9, 4, 1, 6, 1, 3, 1, 2, 'image_default.jpg'),
(42, '0042', 'Lodera L CRV 02-06', '1D3 ', 24, 3, 6, 4, 1, 6, 1, 3, 1, 2, 'image_default.jpg'),
(43, '0043', 'Guardafangos L CRV 02-06', '1D3', 24, 3, 6, 4, 1, 6, 1, 3, 1, 2, 'image_default.jpg'),
(44, '0044', 'Lodera R CRV 97-01', '1E3', 19, 3, 6, 4, 1, 6, 1, 3, 1, 2, 'image_default.jpg'),
(45, '0045', 'Guardafangos R CRV 97-01', '1E3', 19, 3, 6, 4, 1, 6, 1, 3, 1, 2, 'image_default.jpg'),
(46, '0046', 'Lodera L CRV 97-01 ', '1E3', 19, 3, 6, 4, 1, 6, 1, 3, 1, 2, 'image_default.jpg'),
(47, '0047', 'Guardafangos L CRV 97-01', '1E3', 19, 3, 6, 4, 1, 6, 1, 3, 1, 2, 'image_default.jpg'),
(48, '0048', 'Lodera R Geo Tracker 99-03', '1E3', 21, 5, 12, 4, 1, 6, 1, 3, 1, 2, 'image_default.jpg'),
(49, '0049', 'Lodera R Toyota RAV4 96-00', '1F3', 18, 1, 4, 4, 1, 6, 1, 3, 1, 2, 'image_default.jpg'),
(50, '0050', 'Lodera R Mazda Pickup B2300 94-97', '1F3', 16, 9, 9, 4, 1, 6, 1, 3, 1, 2, 'image_default.jpg'),
(51, '0051', 'Lodera L Mazda Pickup B2300 94-97', '1F3', 16, 9, 9, 4, 1, 6, 1, 3, 1, 2, 'image_default.jpg'),
(52, '0052', 'Lodera L Toyota Pickup 89-95', '1G3', 11, 1, 9, 4, 1, 6, 1, 3, 1, 2, 'image_default.jpg'),
(53, '0053', 'Puerta L Toyota RAV4 96-00', '1E1', 18, 1, 4, 4, 1, 6, 1, 3, 1, 2, 'RAV.jpg'),
(54, '0054', 'Puerta T.R Toyota RAV4 96-00', '1E1', 18, 1, 4, 4, 1, 6, 1, 3, 1, 2, 'image_default.jpg'),
(55, '0055', 'Puerta T.L Toyota RAV4 96-00', '1E1', 18, 1, 4, 4, 1, 6, 1, 3, 1, 2, 'image_default.jpg'),
(56, '0056', 'Retrovisor L.M Toyota RAV4 96-00', '1E1', 18, 1, 4, 4, 1, 6, 1, 3, 1, 2, 'image_default.jpg'),
(57, '0057', 'Puerta R CRV 97-01', '1E1', 19, 3, 6, 4, 1, 6, 1, 3, 1, 2, 'image_default.jpg'),
(58, '0058', 'Puerta T.R CRV 97-01', '1E1', 19, 3, 6, 4, 1, 6, 1, 3, 1, 2, 'image_default.jpg'),
(59, '0059', 'Puerta L CRV 97-01', '1E1', 19, 3, 6, 4, 1, 6, 1, 3, 1, 2, 'image_default.jpg'),
(60, '0060', 'Puerta T.L CRV 97-01', '1E1', 19, 3, 6, 4, 1, 6, 1, 3, 1, 2, 'image_default.jpg'),
(61, '0061', 'Retrovisor P/puerta R.E CRV 97-01', '1E1', 19, 3, 6, 4, 1, 6, 1, 3, 1, 2, 'image_default.jpg'),
(62, '0062', 'Retrovisor P/puerta L.E CERV 97-01', '1E1', 19, 3, 6, 4, 1, 6, 1, 3, 1, 2, 'image_default.jpg'),
(63, '0063', 'Puerta R. Geo Tracker 98-04', '1F1', 20, 5, 12, 4, 1, 6, 1, 3, 1, 2, 'tracker.jpg'),
(64, '0064', 'Puerta L. Geo Tracker 98-04', '1F1', 20, 5, 12, 4, 1, 6, 1, 3, 1, 2, 'tracker1.jpg'),
(65, '0065', 'Puerta R. Geo Tracker 99-07', '1F1', 14, 5, 12, 4, 1, 6, 1, 3, 1, 2, 'geo.jpg'),
(66, '0066', 'Puerta R. Xterra 98-02', '1F1', 20, 1, 8, 4, 1, 6, 1, 3, 1, 2, 'image_default.jpg'),
(67, '0067', 'Puerta T.R Xterra 98-02', '1F1', 20, 1, 8, 4, 1, 6, 1, 3, 1, 2, 'image_default.jpg'),
(68, '0068', 'Retrovisor P/puerta R.M  Xterra 98-02', '1F1', 20, 1, 8, 4, 1, 6, 1, 3, 1, 2, 'image_default.jpg'),
(69, '0069', 'Puerta L Gran Vitara 99-03', '1F1', 21, 10, 17, 4, 1, 6, 1, 3, 1, 2, 'image_default.jpg'),
(70, '0070', 'Puerta T.R Gran Vitara 99-03', '1G1', 21, 10, 17, 4, 1, 6, 1, 3, 1, 2, 'image_default.jpg'),
(71, '0071', 'Puerta T.L Gran Vitara 99-03', '1G1', 21, 10, 17, 4, 1, 6, 1, 3, 1, 2, 'image_default.jpg'),
(72, '0072', 'Puerta L Mazda Pickup B2300 93-97', '1G1', 15, 9, 9, 4, 1, 6, 1, 3, 1, 2, 'image_default.jpg'),
(73, '0073', 'Puerta R Mazda Pickup B2300 93-97', '1G1', 15, 9, 9, 4, 1, 6, 1, 3, 1, 2, 'image_default.jpg'),
(74, '0074', 'Puerta R Mazda Pickup B2300 98-02', '1G1', 20, 9, 9, 4, 1, 6, 1, 3, 1, 2, 'image_default.jpg'),
(75, '0075', 'Retrovisor R.M P/puerta Mazda Pickup B2300 93-02 (Ranger)', '1G1', 15, 9, 9, 4, 1, 6, 1, 3, 1, 2, 'image_default.jpg'),
(76, '0076', 'Retrovisor L.M P/puerta Mazda Pu B2300  (Ranger) 93-02', '1G1', 15, 9, 9, 4, 1, 6, 1, 3, 1, 2, 'image_default.jpg'),
(77, '0077', 'Puerta L Toyota RAV4 01-05', '1H1', 23, 1, 4, 4, 1, 6, 1, 3, 1, 2, 'image_default.jpg'),
(78, '0078', 'Puerta R Toyota RAV4 01-05', '1H1', 23, 1, 4, 4, 1, 6, 1, 3, 1, 2, 'image_default.jpg'),
(79, '0079', 'Retrovisor R.M P/puperta RAV4 01-05', '1H1', 23, 1, 4, 4, 1, 6, 1, 3, 1, 2, 'image_default.jpg'),
(80, '0080', 'Puerta T.L Toyota RAV4 01-05', '1H1', 23, 1, 4, 4, 1, 6, 1, 3, 1, 2, 'image_default.jpg'),
(81, '0081', 'Puerta T.R Toyota RAV4 01-05', '1H1', 23, 1, 4, 4, 1, 6, 1, 3, 1, 2, 'image_default.jpg'),
(82, '0082', 'Puerta R Isuzu Pickup 94-98', '1H1', 16, 11, 9, 4, 1, 6, 1, 3, 1, 2, 'image_default.jpg'),
(83, '0083', 'Retrovisor R.M P/puerta Isuzu Pickup 94-98', '1H1', 16, 11, 9, 4, 1, 6, 1, 3, 1, 2, 'image_default.jpg'),
(84, '0084', 'Puerta L Honda Passport 92-97', '1H1', 14, 3, 1, 4, 1, 6, 1, 3, 1, 2, 'image_default.jpg'),
(85, '0085', 'Retrpovisor L.M P/puerta Honda Passport 92-97', '1H1', 14, 3, 1, 4, 1, 6, 1, 3, 1, 2, 'image_default.jpg'),
(86, '0086', 'Puerta L Samurai 84-94', '1H1', 6, 1, 10, 4, 1, 6, 1, 3, 1, 2, 'image_default.jpg'),
(87, '0087', 'Puerta R Samurai 84-94', '1H1', 6, 1, 10, 4, 1, 6, 1, 3, 1, 2, 'image_default.jpg'),
(88, '0088', 'Retrovisor L.M Samurai 84-94', '1H1', 6, 1, 10, 4, 1, 6, 1, 3, 1, 2, 'image_default.jpg'),
(89, '0089', 'Retrovisor R.M P/puerta Samurai 84-94', '1H1', 6, 1, 10, 4, 1, 6, 1, 3, 1, 2, 'image_default.jpg'),
(90, '0090', 'Puerta L Toyota 4x4 78-83', '1I1', 1, 1, 9, 4, 1, 6, 1, 3, 1, 2, 'image_default.jpg'),
(91, '0091', 'Vidrio R P/puerta Toyota Hiace 98-04 ', '1H2', 20, 1, 18, 4, 1, 6, 1, 3, 1, 2, 'image_default.jpg'),
(92, '0092', 'Vidrio L P/puerta Toyota Hiace 98-04', '1H2', 20, 1, 18, 4, 1, 6, 1, 3, 1, 2, 'image_default.jpg'),
(93, '0093', 'Vidrio L P/puerta Toyota Hiace 05-10 ', '1H2', 27, 1, 18, 4, 1, 6, 1, 3, 1, 2, 'image_default.jpg'),
(94, '0094', 'Vidrio R P/puerta Toyota Hiace 05-10', '1H2', 27, 1, 18, 4, 1, 6, 1, 3, 1, 2, 'image_default.jpg'),
(95, '0095', 'Vidrio L Corrida Toyota Pickup 79-83', '1H2', 1, 1, 9, 4, 1, 6, 1, 3, 1, 2, 'image_default.jpg'),
(96, '0096', 'Vidrio R P/puerta corrida Toyota Hiace 79-83', '1H2', 1, 1, 1, 4, 1, 6, 1, 3, 1, 0, 'image_default.jpg'),
(97, '0097', 'Vidrio R P/puerta C/aleta Toyota Pickup 79-83', '1H2', 1, 1, 9, 4, 1, 6, 1, 3, 1, 2, 'image_default.jpg'),
(98, '0098', 'Vidrio L P/puerta C/aleta Toyota Pickup 79-83', '1G2', 1, 1, 9, 4, 1, 6, 1, 3, 1, 2, 'image_default.jpg'),
(99, '0099', 'Vidrio L P/puerta C/aleta Toyota Pickup 89-95', '1G2', 11, 1, 9, 4, 1, 6, 1, 3, 1, 2, 'image_default.jpg'),
(100, '00100', 'Vidrio R P/puerta C/aleta Toyota Pickup 89-95', '1G2', 11, 1, 9, 4, 1, 6, 1, 3, 1, 2, 'image_default.jpg'),
(101, '00101', 'Vidrio R P/puerta C/aleta Toyota Pickup 84-88', '1G2', 6, 1, 9, 4, 1, 6, 1, 3, 1, 2, 'image_default.jpg'),
(102, '00102', 'Vidrio L P/puerta C/aleta Toyota Pickup 84-88', '1F2', 6, 1, 9, 4, 1, 6, 1, 3, 1, 2, 'image_default.jpg'),
(103, '00103', 'Vidrio L P/puerta corrida Toyota Pickup 84-88', '1F2', 6, 1, 9, 4, 1, 6, 1, 3, 1, 2, 'image_default.jpg'),
(104, '00104', 'Vidrio R P/puerta corrida Toyota Pickup 84-88', '1F2', 6, 1, 9, 4, 1, 6, 1, 3, 1, 2, 'image_default.jpg'),
(105, '00105', 'Vidrio L P/puerta corrida Toyota Pickup 89-95', '1F2', 11, 1, 9, 4, 1, 6, 1, 3, 1, 2, 'image_default.jpg'),
(106, '00106', 'Vidrio R P/puerta corrida Toyota Pickup 89-95', '1F2', 11, 1, 9, 4, 1, 6, 1, 3, 1, 2, 'image_default.jpg'),
(107, '00107', 'Vidrio L P/puerta  CRV 02-06', '1E2', 24, 3, 6, 4, 1, 6, 1, 3, 1, 2, 's-l225.jpg'),
(108, '00108', 'Vidrio L para puerta 4Runner 96-02', '1E2', 18, 6, 7, 4, 1, 6, 1, 3, 1, 2, 'image_default.jpg'),
(109, '00109', 'Vidrio lateral L Toyota Picckup Xtracab 89-95', '1E2', 11, 1, 9, 4, 1, 6, 1, 3, 1, 2, 'vidrio-lateral-derecho-chevrolet-pickup-cabina-y-media-1997-D_NQ_NP_903531-MLM30761548228_052019-Q.jpg'),
(110, '00110', 'Vidrio lateral R Toyota Pickup Xtracab 89-95', '1E2', 11, 1, 9, 4, 1, 6, 1, 3, 1, 2, 'vidrio-lateral-derecho-chevrolet-pickup-cabina-y-media-1997-D_NQ_NP_903531-MLM30761548228_052019-Q1.jpg'),
(111, '00111', 'Seguro par vidrio lateral Toyota Pickup Xtracab 89-95', '1E2', 11, 1, 9, 4, 1, 6, 1, 3, 1, 2, 'image_default.jpg'),
(112, '00112', 'Vidrio lateral L 4Runner 89-95', '1D2', 11, 1, 7, 4, 1, 6, 1, 3, 1, 2, 'image_default.jpg'),
(113, '00113', 'Vidrio lateral R 4Runner 89-95', '1D2', 11, 1, 7, 4, 1, 6, 1, 3, 1, 2, 'image_default.jpg'),
(114, '00114', 'Ventana P/puerta T.R Honda CRV 02-06', '1D2', 24, 3, 6, 4, 1, 6, 1, 3, 1, 2, 'image_default.jpg'),
(115, '00115', 'Quemacoco 4Runner 96-02', '1H3', 18, 1, 7, 4, 1, 6, 1, 3, 1, 2, 'image_default.jpg'),
(116, '00116', 'Windshill Pegado Toyota Tacoma 95-01', '13A1', 17, 1, 3, 4, 1, 6, 1, 3, 1, 2, 'image_default.jpg'),
(117, '00117', 'Windshill C/empaque Toyota Pickup 79-83', '13A1', 1, 1, 9, 4, 1, 6, 1, 3, 1, 2, 'image_default.jpg'),
(118, '00118', 'Windshill Pegado Toyota Pickup 89-95', '13A1', 11, 1, 3, 4, 1, 6, 1, 3, 1, 2, 'image_default.jpg'),
(119, '00119', 'Windshill C/empaque Toyota Pickup 89-95', '13A1', 11, 1, 9, 4, 1, 6, 1, 3, 1, 2, 'image_default.jpg'),
(120, '00120', 'Windshill Pegado Toyota Pickup 84-88', '13A1', 11, 1, 9, 4, 1, 6, 1, 3, 1, 2, 'image_default.jpg'),
(121, '00121', 'Puerta R Toyota 4x4 84-88', '13A2', 6, 1, 1, 4, 1, 6, 1, 3, 1, 2, 'image_default.jpg'),
(122, '00122', 'Cremallera Electrica R Toyota 84-86', '13A2', 11, 1, 1, 4, 1, 6, 1, 3, 1, 2, 'image_default.jpg'),
(123, '00123', 'Puerta L Toyota 4x4 84-88 ', '13B2', 6, 1, 1, 4, 1, 6, 1, 3, 1, 2, '4X4.jpg'),
(124, '00124', 'Puerta T.L Honda Passport 92-97 ', '1H1', 14, 3, 1, 3, 1, 6, 1, 3, 1, 2, 'image_default.jpg'),
(125, '00125', 'Retrovisor P/puerta R Toyota 84-88', '13A2', 6, 1, 1, 4, 1, 6, 1, 3, 1, 2, 'image_default.jpg'),
(126, '00126', 'Aleta P/puerta R Toyota 84-88', '13A2', 6, 1, 1, 4, 1, 6, 1, 3, 1, 2, 'image_default.jpg'),
(127, '00127', 'Aleta P/puerta L Toyota 84-88', '13B2', 6, 1, 1, 4, 1, 6, 1, 3, 1, 2, 'image_default.jpg'),
(128, '00128', 'Puerta R Toyota 89-95', '13C2', 11, 1, 1, 4, 1, 6, 1, 3, 1, 2, 'image_default.jpg'),
(129, '00129', 'Puerta L Toyota 89-95', '13C2', 11, 1, 1, 4, 1, 6, 1, 3, 1, 2, 'image_default.jpg'),
(130, '00130', 'Aleta P/puerta R Toyota 89-95', '13C2', 11, 1, 9, 4, 1, 6, 1, 3, 1, 2, 'image_default.jpg'),
(131, '00131', 'Aleta P/puerta L Toyota 89-95', '13C2', 11, 1, 1, 4, 1, 6, 1, 3, 1, 2, 'image_default.jpg'),
(132, '00132', 'Cremallera P/puerta corrida R Toyota 89-95', '13C2', 11, 1, 1, 4, 1, 6, 1, 3, 1, 2, 'image_default.jpg'),
(133, '00133', 'Cremallera P/puerta C/aleta R Toyota 89-95', '00133', 11, 1, 1, 4, 1, 6, 1, 3, 1, 2, 'image_default.jpg'),
(134, '00134', 'Retrovisor P/puerta R Toyota 89-95', '13C2', 11, 1, 1, 4, 1, 6, 1, 3, 1, 2, 'image_default.jpg'),
(135, '00135', 'Puerta L 4Runner 90-95', '13D2', 12, 1, 7, 4, 1, 6, 1, 3, 1, 2, 'image_default.jpg'),
(136, '00136', 'Cremallera E P/puerta 4Runner 90-95', '13D2', 12, 1, 7, 4, 1, 6, 1, 3, 1, 2, 'image_default.jpg'),
(137, '00137', 'Vidrio P/puerta L 4Runner 90-95', '13D2', 12, 1, 7, 4, 1, 6, 1, 3, 1, 2, 'image_default.jpg'),
(138, '00138', 'Puerta R 4Runner 90-95', '13E2', 12, 1, 7, 4, 1, 6, 1, 3, 1, 2, 'image_default.jpg'),
(139, '00139', 'Cremallera E. P/puerta R 4Runner 90-95', '13E2', 12, 1, 7, 4, 1, 6, 1, 3, 1, 2, 'image_default.jpg'),
(140, '00140', 'Puerta T.R 4Runner 90-95', '13E2', 12, 1, 7, 4, 1, 6, 1, 3, 1, 2, 'image_default.jpg'),
(141, '00141', 'Vidrio P/puerta T.R 4Runner 90-95', '13E2', 12, 1, 7, 4, 1, 6, 1, 3, 1, 2, 'image_default.jpg'),
(142, '00142', 'Aleta P/puerta T.R 4Runner 90-95', '13E2', 12, 1, 7, 4, 1, 6, 1, 3, 1, 2, 'image_default.jpg'),
(143, '00143', 'Puerta T.L 4Runner 90-95 ', '13F2', 12, 1, 7, 4, 1, 6, 1, 3, 1, 2, 'image_default.jpg'),
(144, '00144', 'Vidrio P/puerta T.L 4Runner 90-95', '13F2', 12, 1, 7, 4, 1, 6, 1, 3, 1, 2, 'image_default.jpg'),
(145, '00145', 'Aleta P/puerta T.L 4Runner 90-95', '13F2', 12, 1, 7, 4, 1, 6, 1, 3, 1, 2, 'image_default.jpg'),
(146, '00146', 'Cremalleras E. P/puerta T.L 4Runner 90-95 ', '13F2', 12, 1, 7, 4, 1, 6, 1, 3, 1, 2, 'image_default.jpg'),
(147, '00147', 'Cremallera E. P/puerta T.R 4Runner 90-95', '13E2', 12, 1, 7, 4, 1, 6, 1, 3, 1, 2, 'descarga.jpg'),
(148, '00148', 'Puerta C/moldura T.L Toyota 4Runner 96-02', '13F2', 18, 1, 7, 4, 1, 6, 1, 3, 1, 2, 'puerta-trasera-derecha-de-toyota-4runner-2000-02-original-D_NQ_NP_619394-MLV27544787297_062018-F.jpg'),
(149, '00149', 'Vidrio P/puerta T.L Toyota 4Runner 96-02', '13F2', 12, 1, 7, 4, 1, 6, 1, 3, 1, 2, 'image_default.jpg'),
(150, '00150', 'Cremallera P/puerta T.L Toyota 4Runner 96-02', '13F2', 18, 1, 7, 4, 1, 6, 1, 3, 1, 2, 'image_default.jpg'),
(151, '00151', 'Aletas P/puerta T.L Toyota 4Runner 96-02', '1F2', 18, 1, 7, 4, 1, 6, 1, 3, 1, 2, 'image_default.jpg'),
(152, '00152', 'Tapiceria P/puerta Azul L 4Runner 90-95', '13D2', 12, 1, 7, 4, 1, 6, 1, 3, 1, 2, 'image_default.jpg'),
(153, '00153', 'Tapicería P/puerta Biege L 4Runner 90-95', '13D2', 12, 1, 7, 4, 1, 6, 1, 3, 1, 2, 'image_default.jpg'),
(154, '00154', 'Tpicería P/puerta Gris L 4Runner 90-95', '13D2', 12, 1, 7, 4, 1, 6, 1, 3, 1, 2, 'image_default.jpg'),
(155, '00155', 'Tapicería P/puerta Beige R 4Runner 90-95', '13E2', 12, 1, 7, 4, 1, 6, 1, 3, 1, 2, 'image_default.jpg'),
(156, '00156', 'Tapicería P/puerta Gris R 4Runner 90-95', '13E2', 12, 1, 7, 4, 1, 6, 1, 3, 1, 2, 'image_default.jpg'),
(157, '00157', 'Tapicería P/puerta Azul R 4Runner 90-95', '13E2', 12, 1, 7, 4, 1, 6, 1, 3, 1, 2, 'image_default.jpg'),
(158, '00158', 'Tapicería P/puerta T.R Beige 4Runner 90-95', '13E2', 12, 1, 7, 4, 1, 6, 1, 3, 1, 2, 'image_default.jpg'),
(159, '00159', 'Tapicería P/puerta T.R Gris 4Runner 90-95', '13E2', 12, 1, 7, 4, 1, 6, 1, 3, 1, 2, 'image_default.jpg'),
(160, '00160', 'Tapicería P/puerta T.R Azul 4Runner 90-95', '13E2', 12, 1, 7, 4, 1, 6, 1, 3, 1, 2, 'image_default.jpg'),
(161, '00161', 'Tapicería P/puerta T.L Gris 4Runner 90-95', '13F2', 12, 1, 7, 4, 1, 6, 1, 3, 1, 2, 'image_default.jpg'),
(162, '00162', 'Tapicería P/puerta T.L Azul 4Runner 90-95', '13F2', 12, 1, 7, 4, 1, 6, 1, 3, 1, 2, 'image_default.jpg'),
(163, '00163', 'Tapicería Beige P/puerta T.L 4Runner 90-95', '13F2', 12, 1, 7, 4, 1, 6, 1, 3, 1, 2, 'runners.jpg'),
(164, '00164', 'Tapicería gris P/ puerta T.R ToyPu 89-95', '13C2', 12, 1, 7, 4, 1, 6, 1, 3, 1, 2, 'tapiceria1.jpg'),
(165, '00165', 'Tapicería azul P/puerta T.R ToyPu 89-95', '13C2', 12, 1, 7, 4, 1, 6, 1, 3, 1, 2, 'tapiceria.jpg'),
(166, '00166', 'Tapicería P/puerta L Azul Toyota RAV4 96-00', '1E1', 18, 1, 4, 4, 1, 6, 1, 3, 1, 2, 'image_default.jpg'),
(167, '00167', 'Tapicería P/puerta T.L Azul Toyota RAV4 96-00', '1E1', 18, 1, 4, 4, 1, 6, 1, 3, 1, 2, 'image_default.jpg'),
(168, '00168', 'Tapicería P/puerta T.R Azul Toyota RAV4 96-00', '1E1', 18, 1, 4, 4, 1, 6, 1, 3, 1, 2, 'image_default.jpg'),
(169, '00169', 'Tapicería P/puerta L Gris CRV 97-01', '1E1', 19, 3, 6, 4, 1, 6, 1, 3, 1, 2, 'image_default.jpg'),
(170, '00170', 'Tapicería Para puerta T.L Gris CRV 97-01', '1E1', 19, 3, 6, 4, 1, 6, 1, 3, 1, 2, 'CRV1.jpg'),
(171, '00171', 'Tapicería Para puerta T.R Gris CRV 97-01', '1E1', 19, 3, 6, 4, 1, 6, 1, 3, 1, 2, 'CRV.jpg'),
(172, '00174', 'Tapicería para puerta R Gris Xterra 98-02', '1F1', 20, 3, 8, 4, 1, 6, 1, 3, 1, 2, 'NISSAN.jpg'),
(173, '00175', 'Tapicería para puerta L Gris Grand Vitara 99-03', '1F1', 21, 10, 1, 4, 1, 6, 1, 3, 1, 2, 'vitara.jpg'),
(174, '00176', 'Tapicería P/puerta T.R Gris Xterra 98-02', '1F1', 20, 2, 8, 4, 1, 6, 1, 3, 1, 2, 'XTERRA___1.jpg'),
(175, '00177', 'Tapicería para puerta T.R Gris Grand Vitara 99-03', '1G1', 21, 10, 17, 4, 1, 6, 1, 3, 1, 2, 'vitara1.jpg'),
(176, '00178', 'Tapicería  para puerta L Gris Gran Vitara 99-03', '1G1', 21, 10, 17, 3, 1, 6, 1, 3, 1, 2, 'descarga_(1)2.jpg'),
(177, '00179', 'Tapicería Para puerta L Gris  Mazda Pickup 93-97', '1G1', 15, 9, 9, 4, 1, 6, 1, 3, 1, 2, 'mazda3.jpg'),
(178, '00180', 'Tapicería para puerta R Gris Mazda Pickup 93-97', '1G1', 15, 9, 9, 4, 1, 6, 1, 3, 1, 2, 'mazda1.jpg'),
(179, '00181', 'Tapicería para puerta R Gris Mazda Pickup 98-02', '1G1', 20, 9, 9, 4, 1, 6, 1, 3, 1, 2, 'mazda2.jpg'),
(180, '00182', 'Tapicería para puerta R Beige Mazda Pickup 98-02', '1G1', 20, 9, 9, 4, 1, 6, 1, 3, 1, 2, 'descarga_(1).jpg'),
(181, '00183', 'Tapicería para puerta R Beige Toyota RAV4 01-05', '1H1', 23, 1, 4, 4, 1, 6, 1, 3, 1, 2, 'RAV4.jpg'),
(182, '00184', 'Tapicería para puerta L Beige Toyota Pickup 01-05', '1H1', 23, 1, 9, 4, 1, 6, 1, 3, 1, 2, 'RAV42.jpg'),
(183, '00185', 'Tapicería P/puerta T.L Beige Toyota RAV4 01-05', '1H1', 23, 1, 9, 4, 1, 6, 1, 3, 1, 2, 'images.jpg'),
(184, '00186', 'Tapicería P/puerta T.R Beige Toyota RAV4 01-05', '1H1', 23, 1, 4, 4, 1, 6, 1, 3, 1, 2, 'images1.jpg'),
(185, '00187', 'Tapicería para puerta T.L Café Honda Passport 92-97', '1H1', 23, 3, 9, 4, 1, 6, 1, 3, 1, 2, 'descarga_(2).jpg'),
(186, '00188', 'Tapicería para puerta L Gris Samurai 84-94', '1H1', 6, 4, 10, 4, 1, 6, 1, 3, 1, 2, 'descarga_(3)2.jpg'),
(187, '00189', 'Tapicería para puerta R Gris Samurai 84-94', '1H1', 6, 4, 10, 4, 1, 6, 1, 3, 1, 2, 'descarga_(3)1.jpg'),
(188, '00190', 'Motor  para quemacoco 4Runner 96-02', '1H3', 18, 4, 10, 4, 1, 6, 1, 3, 1, 2, 'descarga_(4).jpg'),
(189, '00191', 'Cremallera M P/puerta R Toyota 84-94 ', '13A2', 6, 1, 1, 4, 1, 6, 1, 3, 1, 2, 'descarga_(5).jpg'),
(190, '00192', 'Moldura P/ouierta T.R 4Runner 96-02', '13F2', 18, 1, 7, 4, 1, 6, 1, 3, 1, 2, 'image_default.jpg'),
(191, '00193', 'Perciana 4Runner 96-02', '13F3', 18, 1, 7, 4, 1, 6, 1, 3, 1, 2, 'image_default.jpg'),
(192, '00194', 'Perciana Honda CRV 02-06', '13E3', 24, 3, 6, 4, 1, 6, 1, 3, 1, 2, 'image_default.jpg'),
(193, '00195', 'Perciana Honda CRV 98-01', '13F3', 20, 3, 6, 4, 1, 6, 1, 3, 1, 2, 'image_default.jpg'),
(194, '00196', 'Perciana F/cromada Toyota Pickup 89-95', '13F3', 11, 1, 9, 4, 1, 6, 1, 3, 1, 2, 'image_default.jpg'),
(195, '00197', 'Perciana Gris 4x4 Toyota Tacoma 96-01', '13F3', 18, 1, 3, 4, 1, 6, 1, 3, 1, 2, 'image_default.jpg'),
(196, '00198', 'Perciana Negra Toyota Corolla 92-95', '13F3', 14, 1, 11, 4, 1, 6, 1, 3, 1, 2, 'image_default.jpg'),
(197, '00199', 'Puerta T.L S/moldura 4Runner 96-02', '13G2', 18, 1, 7, 4, 1, 6, 1, 3, 1, 2, 'image_default.jpg'),
(198, '00200', 'Vidrio T-L P/puerta 4Runner 96-02', '13G2', 18, 1, 7, 4, 1, 6, 1, 3, 1, 2, 'image_default.jpg'),
(199, '00201', 'Aleta P/puerta T.L 4Runner 96-02', '13G2', 18, 1, 7, 4, 1, 6, 1, 3, 1, 2, 'image_default.jpg'),
(200, '00202', 'Cremallera L Puerta T 4Runner 96-02', '13G2', 18, 1, 7, 4, 1, 6, 1, 3, 1, 2, 'image_default.jpg'),
(201, '00203', 'Tapicería Beige L Puerta T 4Runner 96-02', '13G2', 18, 1, 7, 4, 1, 6, 1, 3, 1, 2, 'image_default.jpg'),
(202, '00204', 'Switch Vidro T.L Puerta T 4Runner 96-02', '13G2', 18, 1, 7, 4, 1, 6, 1, 3, 1, 2, 'image_default.jpg'),
(203, '00205', 'Puerta R C/moldura 4Runner 96-02', '13G2', 18, 1, 7, 4, 1, 6, 1, 3, 1, 2, 'image_default.jpg'),
(204, '00206', 'Tapicería Beige R   4Runner 96-02 ', '13I2', 18, 1, 7, 4, 1, 6, 1, 3, 1, 2, 'image_default.jpg'),
(205, '00207', 'Tapicería Beige L P/puerta 4Runner 96-02', '13H2', 18, 1, 7, 4, 1, 6, 1, 3, 1, 2, 'image_default.jpg'),
(206, '00208', 'Mandos P/puerta L 4Runner 96-02', '13H2', 18, 1, 7, 4, 1, 6, 1, 3, 1, 2, 'image_default.jpg'),
(207, '00209', 'Tapicería Corinta P/puerta L Toyota Pickup 84-88', '13A2', 6, 1, 9, 4, 1, 6, 1, 3, 1, 2, 'image_default.jpg'),
(208, '00210', 'Tapicería Corinta P/puerta R Toyota Pickup 84-88', '13B2', 6, 1, 7, 4, 1, 6, 1, 3, 1, 2, 'image_default.jpg'),
(209, '00211', 'Puerta L S/moldura 4Runner 96-02', '13H2', 18, 1, 7, 4, 1, 6, 1, 3, 1, 2, 'PUERTA_RUNER.jpg'),
(210, '00212', 'Vidrio P/puerta L   4Runner 96-02 ', '13H2', 18, 1, 7, 4, 1, 6, 1, 3, 1, 2, 'VIDRIO_RUNNER.jpg'),
(211, '00213', 'Cremallera P/puerta R 4Runner 96-02', '13H2', 18, 1, 7, 4, 1, 6, 1, 3, 1, 2, 'CREMALLERA_RUNNER1.jpg'),
(212, '00214', 'Puerta S/moldura R 4Runner 96-02', '13I2', 18, 1, 7, 4, 1, 6, 1, 3, 1, 2, 'image_default.jpg'),
(213, '00215', 'Control Vidrio P/puerta R 4Runner 96-02', '13I2', 18, 1, 7, 4, 1, 6, 1, 3, 1, 2, 'image_default.jpg'),
(214, '00216', 'Cremallera M. R 4Runner 96-01 ', '13I2', 18, 1, 7, 4, 1, 6, 1, 3, 1, 2, 'image_default.jpg'),
(215, '00217', 'Cremallera E. R 4Runner 96-01', '13I2', 18, 1, 7, 4, 1, 6, 1, 3, 1, 2, 'image_default.jpg'),
(216, '00218', 'Vidrios P/puerta R 4Runner 96-01', '13i2', 18, 1, 7, 4, 1, 6, 1, 3, 1, 2, 'image_default.jpg'),
(217, '00219', 'Tapicería P/p R Gris 4Runner 96-01 ', '13I2', 18, 1, 6, 4, 1, 6, 1, 3, 1, 2, 'image_default.jpg'),
(218, '00220', 'Tapicería P/p L Gris 4Runner 96-01', '13H2', 18, 1, 7, 4, 1, 6, 1, 3, 1, 2, 'image_default.jpg'),
(219, '00221', 'Tapicería P/p R Gris Toy.Pu V/E 84-88', '13A2', 6, 1, 7, 4, 1, 6, 1, 3, 1, 2, 'image_default.jpg'),
(220, '00172', 'Tapicería P/puerta R Gris Tracker 99-04', '1F1', 21, 5, 12, 4, 1, 6, 1, 3, 1, 2, 'images_(1).jpg'),
(221, '00173', 'Tapicería P/puerta L Gris Tracker 99-04', '1F1', 21, 5, 12, 4, 1, 6, 1, 3, 1, 2, 'image_default.jpg'),
(222, '00222', 'Tapicería P/puerta L Gris Toyota Pickup V/E 84-88', '13B2', 6, 1, 9, 4, 1, 6, 1, 3, 1, 2, 'image_default.jpg'),
(223, '00223', 'Tapicería T.R Azul Pickup Xtracab 89-95', '13C4', 11, 1, 9, 4, 1, 6, 1, 3, 1, 2, 'toyota1.jpg'),
(224, '00224', 'Tapicería T.L  Pickup Xtracab Azul 89-95 ', '13C4', 11, 1, 9, 4, 1, 6, 1, 3, 1, 2, 'toyota2.jpg'),
(225, '00225', 'Tapicería T.L Honda CRV 02-06', '13C4', 24, 3, 6, 4, 1, 6, 1, 3, 1, 2, 'image_default.jpg'),
(226, '00226', 'Carapoacho Inter Blanco 89-01 ', '13D4', 11, 1, 1, 4, 1, 6, 1, 3, 1, 1, 'image_default.jpg'),
(227, '00227', 'Tapicería Gris T.L 4Runner 96-02', '13G2', 18, 1, 7, 4, 1, 6, 1, 3, 1, 1, 'RUNNER_,.jpg'),
(228, '00228', 'Puerta R Toyota Tacoma 96-01', '13J2', 18, 1, 3, 4, 1, 6, 1, 3, 1, 2, 'image_default.jpg'),
(229, '00229', 'Tapicería Beige R Toy.Tacoma 96-01', '13J2', 18, 1, 3, 4, 1, 6, 1, 3, 1, 5, 'BEIGE.jpg'),
(230, '00230', 'Tapicería Gris R Toyota Tacoma 96-01', '13J2', 18, 1, 3, 4, 1, 6, 1, 3, 1, 1, 'image_default.jpg'),
(231, '00231', 'Cremallera M.R Toyota Tacoma 96-01', '13J2', 18, 1, 3, 4, 1, 6, 1, 3, 1, 2, 'tacoma.jpg'),
(232, '00232', 'Vidrio R Toyota Tacoma 96-01', '13J2', 18, 1, 3, 4, 1, 6, 1, 3, 1, 2, 'image_default.jpg'),
(233, '00233', 'Puerta L Toyota Tacoma 96-01 ', '13J2', 18, 1, 3, 4, 1, 6, 1, 3, 1, 2, 'image_default.jpg'),
(234, '00234', 'Cremallera M. L Toyota Tacoma 96-01', '13J2', 18, 1, 3, 4, 1, 6, 1, 3, 1, 2, 'image_default.jpg'),
(235, '00235', 'Vidrio L Toyota Tacoma 96-01', '13J2', 19, 1, 3, 4, 1, 6, 1, 3, 1, 2, 'image_default.jpg'),
(236, '00236', 'TAPICERIA BESH L TOYOTA TACOMA 96-01', '13J2', 18, 1, 3, 4, 1, 6, 1, 3, 1, 4, 'image_default.jpg'),
(237, '00237', 'Tapicería L Gris Toyota Tacoma 96-01', '13J2', 18, 1, 3, 4, 1, 6, 1, 3, 1, 2, 'image_default.jpg'),
(238, '00238', 'Puerta C/moldura T.R Toyota 4Runner  96-02', '13K2', 18, 1, 7, 4, 1, 6, 1, 3, 1, 3, 'descarga_(6).jpg'),
(239, '00239', 'Puerta S/moldura T.R Toy. 4Runner  96-02 ', '13K2', 18, 1, 7, 4, 1, 6, 1, 3, 1, 7, 'image_default.jpg'),
(240, '00240', 'Tapicería R Beige Toyota 4Runner 96-02', '13K2', 18, 1, 7, 4, 1, 6, 1, 3, 1, 9, 'image_default.jpg'),
(241, '00241', 'Switch R P/puerta Toy.4Runner 96-02', '13K2', 18, 1, 7, 4, 1, 6, 1, 3, 1, 5, 'descarga_(7).jpg'),
(242, '00242', 'Cremallera E. P/puerta R Toyota 4Runner 96-02', '13K2', 18, 1, 7, 4, 1, 6, 1, 3, 1, 9, 'image_default.jpg'),
(243, '00243', 'Cremallera M. P/puerta R Toyota 4Runner 96-02', '13K2', 18, 1, 7, 4, 1, 6, 1, 3, 1, 1, 'image_default.jpg'),
(244, '00244', 'Vidrios T.R 4Runner 96-02', '13K2', 18, 1, 7, 4, 1, 6, 1, 3, 1, 10, 'image_default.jpg'),
(245, '00245', 'Aleta T.R 4Runner 96-02', '13K2', 18, 1, 7, 4, 1, 6, 1, 3, 1, 9, 'image_default.jpg'),
(246, '00246', 'Tapicería T.R Gris 4Runner V/M 96-02', '13K2', 18, 1, 7, 4, 1, 6, 1, 3, 1, 1, 'image_default.jpg'),
(247, '00247', 'Puerta R CRV 02-06', '14H2', 24, 3, 6, 4, 1, 6, 1, 3, 1, 1, 'image_default.jpg'),
(248, '00248', 'Tapicería P/puerta R Negra  CRV 02-06 ', '14H2', 24, 3, 6, 4, 1, 6, 1, 3, 1, 1, 'image_default.jpg'),
(249, '00249', 'Tapicería P/puerta R Beige CRV 02-06', '14H2', 24, 3, 6, 4, 1, 6, 1, 3, 1, 1, 'image_default.jpg'),
(250, '00250', 'Vidrio P/puerta R CRV 02-06', '14H2', 24, 3, 6, 4, 1, 6, 1, 3, 1, 1, 'image_default.jpg'),
(251, '00251', 'Cremallera E P/puerta R CRV 02-06', '14H2', 24, 3, 6, 4, 1, 6, 1, 3, 1, 1, 'image_default.jpg'),
(252, '00252', 'Puerta L CRV 02-06', '14H2', 24, 3, 6, 4, 1, 6, 1, 3, 1, 2, 'image_default.jpg'),
(253, '00253', 'Cremallera E P/puerta L CRV 02-06', '14H2', 24, 3, 6, 4, 1, 6, 1, 3, 1, 1, 'image_default.jpg'),
(254, '00254', 'Tapicería P/p L Beige CRV 02-06', '14H2', 24, 3, 6, 4, 1, 6, 1, 3, 1, 1, 'image_default.jpg'),
(255, '00255', 'Vidrio P/puerta T.L CRV 02-06', '14HG3', 24, 3, 6, 4, 1, 6, 1, 3, 1, 1, 'image_default.jpg'),
(256, '00256', 'Aleta P/puerta  T.L CRV 02-06', '14G3', 24, 3, 6, 4, 1, 6, 1, 3, 1, 1, 'image_default.jpg'),
(257, '00257', 'Cremallera E P/puerta T.L CRV 02-06', '14G3', 24, 3, 6, 4, 1, 6, 1, 3, 1, 1, 'image_default.jpg'),
(258, '00258', 'Puerta T.R CRV 02-06', '14G3', 24, 3, 6, 4, 1, 6, 1, 3, 1, 1, 'image_default.jpg'),
(259, '00259', 'Tapicería P/puerta T.R Negra CRV 02-06', '14G3', 24, 3, 6, 4, 1, 6, 1, 3, 1, 1, 'image_default.jpg'),
(260, '00260', 'Puerta T.L Honda Civic 89-91', '14G3', 11, 3, 6, 4, 1, 6, 1, 3, 1, 1, 'image_default.jpg'),
(261, '00261', 'Vidrio P/puerta T.L Honda Civic 89-91', '14G3', 11, 3, 1, 4, 1, 6, 1, 3, 1, 1, 'image_default.jpg'),
(262, '00262', 'Ventana P/puerta T.L Honda Civic 89-91', '14G3', 11, 3, 1, 4, 1, 6, 1, 3, 1, 1, 'image_default.jpg'),
(263, '00263', 'Cremallera M P/puerta T.L Honda Civic 89-91', '14G3', 11, 3, 1, 4, 1, 6, 1, 3, 1, 1, 'HONDA.jpg'),
(264, '00264', 'Tapicería P/p T-L  Café Honda Civic 89-91', '14G3', 11, 3, 1, 4, 1, 6, 1, 3, 1, 1, 'honda_,.jpg'),
(265, '00265', 'Puerta R Honda Civic 89-91', '14F3', 11, 3, 1, 4, 1, 6, 1, 3, 1, 1, 'image_default.jpg'),
(266, '00266', 'Vidrio P/puerta R Honda Civic 89-91', '14F3', 11, 3, 1, 4, 1, 6, 1, 3, 1, 1, 'image_default.jpg'),
(267, '00267', 'Cremallera M P/puerta R Honda Civic 89-91', '14F3', 11, 3, 1, 4, 1, 6, 1, 3, 1, 1, 'image_default.jpg'),
(268, '00268', 'Puerta L Honda Civic 89-91', '14F3', 11, 3, 1, 4, 1, 6, 1, 3, 1, 1, 'image_default.jpg'),
(269, '00269', 'Vidrio P/puerta L Honda Civic 89-91', '14F3', 11, 3, 1, 4, 1, 6, 1, 3, 1, 1, 'image_default.jpg'),
(270, '00270', 'Cremallera M. P/puerta L Honda Civic 89-91', '14F3', 11, 3, 1, 4, 1, 6, 1, 3, 1, 1, 'image_default.jpg'),
(271, '00271', 'Puerta T.R Honda Civic 89-91', '14F3', 11, 3, 1, 4, 1, 6, 1, 3, 1, 1, 'image_default.jpg'),
(272, '00272', 'Tapicería Café P/puerta T.R Honda Civic 89-91', '14F3', 11, 3, 1, 4, 1, 6, 1, 3, 1, 1, 'image_default.jpg'),
(273, '00273', 'Cremallera M P/puerta T-R Honda Civic 89-91', '14F3', 11, 3, 1, 4, 1, 6, 1, 3, 1, 1, 'image_default.jpg'),
(274, '00274', 'Vidrio P/puerta T.R Honda Civic 89-91', '14F3', 11, 3, 1, 4, 1, 6, 1, 3, 1, 1, 'image_default.jpg'),
(275, '00275', 'Ventana P/puerta T.R Honda Civic 89-91', '14F3', 11, 3, 1, 4, 1, 6, 1, 3, 1, 1, 'image_default.jpg'),
(276, '00276', 'Puerta R Nissan Altima 98-02', '14F3', 20, 2, 2, 4, 1, 6, 1, 3, 1, 1, 'image_default.jpg'),
(277, '00277', 'Vidrio P/puerta R Nissan Altima 98-02', '14F3', 20, 2, 2, 4, 1, 6, 1, 3, 1, 1, 'image_default.jpg'),
(278, '00278', 'Cremallera E P/puerta Nissan Altima 98-02', '14F3', 20, 2, 2, 4, 1, 6, 1, 3, 1, 1, 'image_default.jpg'),
(279, '00279', 'Tapicería P/puerta R Café Nissan Altima 98-02', '14F3', 20, 2, 2, 4, 1, 6, 1, 3, 1, 1, 'image_default.jpg'),
(280, '00280', 'Puerta L Nissan Altima 98-02', '14F3', 20, 2, 2, 4, 1, 6, 1, 3, 1, 1, 'image_default.jpg'),
(281, '00281', 'Vidrio P/puerta L Nissan Altima 98-02', '14F3', 20, 2, 2, 4, 1, 6, 1, 3, 1, 1, 'image_default.jpg'),
(282, '00282', 'Cremallera E P/puerta L Nissan Altima 98-02 ', '14F3', 20, 2, 2, 4, 1, 6, 1, 3, 1, 1, 'image_default.jpg'),
(283, '00283', 'Tapicería P/puerta L Café Nissan Altima 98-02', '14F3', 20, 2, 2, 4, 1, 6, 1, 3, 1, 1, 'image_default.jpg'),
(284, '00284', 'Control D/vidrio L P/puerta Nissan Altima 98-02', '14F3', 20, 2, 2, 4, 1, 6, 1, 3, 1, 1, 'image_default.jpg'),
(285, '00285', 'Control D/vidrio R P/puerta Nissan Altima 98-02', '14F3', 20, 2, 2, 4, 1, 6, 1, 3, 1, 1, 'image_default.jpg'),
(286, '00286', 'Puerta L Toyota Sienna 98-01', '14F3 ', 20, 1, 14, 4, 1, 6, 1, 3, 1, 1, 'image_default.jpg'),
(287, '00287', 'Vidrio P/puerta L Toyota Siena 98-01', '14F3', 20, 1, 14, 4, 1, 6, 1, 3, 1, 1, 'image_default.jpg'),
(288, '00288', 'Control D/vidrio L Toyota Sienna 98-01', '14F3', 20, 1, 14, 4, 1, 6, 1, 3, 1, 0, 'boton-cierre-centralizado-coche.jpg'),
(289, '00289', 'Tapicería Café P/puerta L Toyota Sienna 98-01', '14F3', 20, 1, 14, 4, 1, 6, 1, 3, 1, 1, 'image_default.jpg'),
(290, '00290', 'Cremallera E P/puerta L Toyota Sienna 98-02', '14F3', 20, 1, 14, 4, 1, 6, 1, 3, 1, 1, 'image_default.jpg'),
(291, '00291', 'Puerta R Toyota Sienna 98-01', '14F3', 20, 1, 14, 4, 1, 6, 1, 3, 1, 1, 'SIENNA.jpg'),
(292, '00292', 'Vidrio P/puerta R Toyota Sienna 98-01', '14F3', 20, 1, 14, 4, 1, 6, 1, 3, 1, 1, 'image_default.jpg'),
(293, '00293', 'Control D/vidrio R Toyota Sienna 98-01', '14F3', 20, 1, 14, 4, 1, 6, 1, 3, 1, 1, 'image_default.jpg'),
(294, '00294', 'Tapicería Cadé P/puerta R Toyota Sienna 98-01', '14F3', 20, 1, 14, 4, 1, 6, 1, 3, 1, 1, 'image_default.jpg'),
(295, '00295', 'Cremallera E. P/puerta R Toyota Sienna 98-01', '14F3', 20, 1, 14, 4, 1, 6, 1, 3, 1, 1, 'image_default.jpg'),
(296, '00296', 'Puerta T.L Toyota Sienna 98-01', '14F3', 20, 1, 14, 4, 1, 6, 1, 3, 1, 1, 'image_default.jpg'),
(297, '00297', 'Ventana P/puerta T.L Toyota Sienna 98-01', '14F3', 20, 1, 14, 4, 1, 6, 1, 3, 1, 1, 'image_default.jpg'),
(298, '00298', 'Tapicería P/puerta T.L Toyota Sienna 98-01', '14F3', 20, 1, 14, 4, 1, 6, 1, 3, 1, 1, 'image_default.jpg'),
(299, '00299', 'Puerta T.R Toyota Sienna 98-01', '14F3', 20, 1, 14, 4, 1, 6, 1, 3, 1, 1, 'image_default.jpg'),
(300, '00300', 'Ventana P/puerta T.R Toyota Sienna 98-01', '14F3', 20, 1, 14, 4, 1, 6, 1, 3, 1, 1, 'image_default.jpg'),
(301, '00301', 'Tapicería P/puerta T.R Toyota Sienna 98-01', '14F3', 20, 1, 14, 4, 1, 6, 1, 3, 1, 1, 'image_default.jpg'),
(302, '00302', 'Puerta L C/moldura 4Runner 96-02', '13G2', 18, 1, 7, 4, 1, 6, 1, 3, 1, 1, 'image_default.jpg'),
(303, '00303', 'Tapicería P/puerta T.L Beige 4Runner 96-02', '13F2', 18, 1, 7, 4, 1, 6, 1, 3, 1, 1, 'RUNNER_L.jpg'),
(304, '00304', 'Tapicería P/puerta T.L Gris 4Runner 96-02', '13F2', 18, 1, 7, 4, 1, 6, 1, 3, 1, 1, 'image_default.jpg'),
(305, '00305', 'Tapicería P/puerta R Gris Toyota Tacoma 4x2 96-02', '13J2', 18, 1, 3, 4, 1, 6, 1, 3, 1, 1, 'image_default.jpg'),
(306, '00306', 'Tapicería P/puerta L Gris Toyota Tacoma 4x2 96-02', '13J2', 18, 1, 3, 4, 1, 6, 1, 3, 1, 1, 'image_default.jpg'),
(307, '00307', 'Tapicería P/puerta L Beige Toyota Tacoma 4x2 96-02', '13J2', 18, 1, 3, 4, 1, 6, 1, 3, 1, 1, 'image_default.jpg'),
(308, '00308', 'Persiana Cromada Toyota Pickup 4x4 84-88', '13F3', 6, 1, 9, 4, 1, 6, 1, 3, 1, 2, 'image_default.jpg'),
(309, '00309', 'Persiana Cromada Toyota Pickup 4x2 89-95', '13F3', 11, 1, 9, 4, 1, 6, 1, 3, 1, 1, 'image_default.jpg'),
(310, '00310', 'Persiana Negra  Toyota Pickup 4x2 89-95', '13F3', 11, 1, 9, 4, 1, 6, 1, 3, 1, 1, 'image_default.jpg'),
(311, '00311', 'Tapicería P/puerta L Gris Toyota Pickup 89-95', '13C2', 11, 1, 9, 4, 1, 6, 1, 3, 1, 1, 'image_default.jpg'),
(312, '00312', 'Tapicería P/puerta L Azul Toyota Pickup 89-95', '13C2', 11, 1, 9, 4, 1, 6, 1, 3, 1, 1, 'image_default.jpg'),
(313, '00313', 'Caja de velocidades P/tornillos Toy. Pu 4x4 84-88', '14G1', 6, 1, 9, 4, 1, 10, 1, 3, 1, 5, 'image_default.jpg'),
(314, '00314', 'Caja de velocidades 4Runner y Pu 3VZ Std 4x4 89-95', '14F1', 11, 1, 7, 4, 1, 10, 1, 3, 1, 4, 'image_default.jpg'),
(315, '00315', 'Caja de velocidades Toyota Pickup 4x2 93-95', '14F1', 15, 1, 9, 4, 1, 10, 1, 3, 1, 1, 'image_default.jpg'),
(316, '00316', 'Cajas de velocidades Nissan Xterra Std 4x4 00', '14E1', 14, 2, 8, 4, 1, 10, 1, 3, 1, 3, 'image_default.jpg'),
(317, '00317', 'Cajas de velocidades Tma-4Runner Std 4x2 2RZ 3RZ 96-02', '14D1', 18, 1, 3, 4, 1, 10, 1, 3, 1, 2, 'image_default.jpg'),
(318, '00318', 'Cajas de velocidades Tma 3RZ 4cil 95-02', '14D1', 17, 1, 3, 4, 1, 10, 1, 3, 1, 3, 'image_default.jpg'),
(319, '00319', 'Cajas de velocidades Nissan Hardbody Std 4x2 92-98', '14C1', 14, 2, 1, 4, 1, 10, 1, 3, 1, 1, 'image_default.jpg'),
(320, '00320', 'Cajas de velocidades Tma-4Runner Std 5VZ 4x2 96-02', '14C1', 18, 1, 3, 4, 1, 10, 1, 3, 1, 1, 'image_default.jpg'),
(321, '00321', 'Cajas de velocidades Mazda Pu B2000 B2200 Std 4x2 85-93', '14C1', 7, 9, 9, 4, 1, 10, 1, 3, 1, 2, 'image_default.jpg'),
(322, '00322', 'Cajas de velocidades Isuzu Pu Std 4x2 89-95', '14C1', 11, 11, 9, 4, 1, 10, 1, 3, 1, 1, 'image_default.jpg'),
(323, '00323', 'Cajas de velocidades 4Runner-Pu Atm 3VZ 4x4 90-95', '14B1', 12, 1, 7, 4, 1, 10, 1, 3, 1, 2, 'image_default.jpg'),
(324, '00324', 'Caja de velocidades Tma-4Runner Atm 3VZ 4x4 4cil 96-02', '14B1', 18, 1, 3, 4, 1, 10, 1, 3, 1, 1, 'image_default.jpg'),
(325, '00325', 'Caja de velocidades Tma-4Runner Atm 5VZ 96-02', '14B1', 18, 1, 7, 4, 1, 10, 1, 3, 1, 2, 'image_default.jpg'),
(326, '00326', 'Caja de velocidades Toyota Pickup Atm 4x4 84-95', '14A1', 6, 1, 9, 4, 1, 10, 1, 3, 1, 1, 'image_default.jpg'),
(327, '00327', 'Caja de velocidades Isuzu NPR Std 4HE1 98-04', '4D1', 20, 11, 1, 4, 2, 1, 1, 3, 1, 1, 'image_default.jpg'),
(328, '00328', 'Caja de velocidades Isuzu NPR Std 05-07', '4D1', 27, 11, 1, 4, 2, 1, 1, 3, 1, 1, 'image_default.jpg'),
(329, '00329', 'Caja de velocidades Mitsubishi FE Std 4cil 99-05', '4C1 ', 21, 1, 1, 4, 2, 1, 1, 3, 1, 1, 'image_default.jpg'),
(330, '00330', 'Caja de velocidades CRV Atm 4x4 02-04', '4C1', 24, 3, 6, 4, 1, 10, 1, 3, 1, 2, 'image_default.jpg'),
(331, '00331', 'Caja de velocidades Toyota Cumbry Std 4x2 92-95', '4B1', 14, 1, 1, 4, 1, 10, 1, 3, 1, 1, 'image_default.jpg'),
(332, '00332', 'Caja de velocidades Mazda Atm 05-09', '4B1', 27, 9, 1, 4, 1, 10, 1, 3, 1, 1, 'image_default.jpg'),
(333, '00333', 'Caja de velocidades Toy RAV4 Std 4x2 95-00', '4B1', 17, 1, 4, 4, 1, 10, 1, 3, 1, 1, 'image_default.jpg'),
(334, '00334', 'Caja de velocidades Honda Civic Std 4x2 01-05', '4B1', 23, 3, 1, 4, 1, 10, 1, 3, 1, 1, 'image_default.jpg'),
(335, '00335', 'Caja de velocidades Honda CRV Std 4x4 98-01', '3B1', 20, 3, 6, 4, 1, 10, 1, 3, 1, 1, 'image_default.jpg'),
(336, '00336', 'Caja de velocidades Nissan Sentra Std 4x4 00-06', '3B1', 22, 2, 8, 4, 1, 10, 1, 3, 1, 1, 'NISSAN______.jpg'),
(337, '00337', 'Caja de velocidades Honda Civic Atm 4x2 02-04', '3B1', 24, 3, 1, 4, 1, 10, 1, 3, 1, 1, 'honda____.jpg'),
(338, '00338', 'Bufamuñon L C/candado Atm Toy Tacoma 96-02', '14G2', 18, 1, 3, 4, 1, 10, 1, 3, 1, 2, 'image_default.jpg'),
(339, '00339', 'Bufamuñon R C/candado Atm Toy Tacoma 96-02', '14G2', 18, 1, 3, 4, 1, 10, 1, 3, 1, 2, 'image_default.jpg'),
(340, '00340', 'Bufamuñon R C/candado M Toy Tacoma 95-98', '14F2', 17, 1, 3, 4, 1, 10, 1, 3, 1, 2, 'image_default.jpg'),
(341, '00341', 'Bufamuñon L C/candado M Toy Tacoma 95-98', '14F2', 17, 1, 3, 4, 1, 10, 1, 3, 1, 2, 'image_default.jpg'),
(342, '00342', 'Bufamuñon C/disco L C/cadado M Toy Pickup 4x4 86-95', '14E2', 6, 1, 9, 4, 1, 10, 1, 3, 1, 2, 'image_default.jpg'),
(343, '00343', 'Bufamuñon C/disco R C/cadado M Toy Pickup 4x4 86-95', '14D2', 8, 1, 9, 4, 1, 10, 1, 3, 1, 2, 'image_default.jpg'),
(344, '00344', 'Muñon L Toyota Pickup 4x4 78-85', '14F2', 1, 1, 9, 4, 1, 10, 1, 3, 1, 2, 'TOYOTA___________.jpg'),
(345, '00345', 'Muñon R Toyota Pickup  4x4 78-85', '14F2', 1, 1, 9, 4, 1, 10, 1, 3, 1, 2, 'image_default.jpg'),
(346, '00346', 'Bufamuñon L Honda CRV 97-01', '14G2', 20, 3, 1, 4, 1, 10, 1, 3, 1, 2, 'maxresdefault.jpg'),
(347, '00347', 'Bufamuñon R Honda CRV 97-01', '14G2', 20, 3, 1, 4, 1, 10, 1, 3, 1, 2, 'maxresdefault1.jpg'),
(348, '00348', 'Muñon R  C/cacho P/dirección Toyota Pickup 4x4 86-95', '14H1', 8, 1, 9, 4, 1, 10, 1, 3, 1, 2, 'TOYOTA___________1.jpg'),
(349, '00349', 'Muñon R S/cacho Toyota Pickup 4x4 86-95', '14H1', 8, 1, 9, 4, 1, 10, 1, 3, 1, 2, 'image_default.jpg'),
(350, '00350', 'Muñon L C/cacho P/dirección Toyota Pickup 4x4 86-95', '14H1', 8, 1, 9, 4, 1, 10, 1, 3, 1, 2, 'image_default.jpg'),
(351, '00351', 'Muñon L S/cacho  Toyota Pickup 4x4 86-95', '14I1', 8, 1, 9, 4, 1, 10, 1, 3, 1, 2, 'image_default.jpg'),
(352, '00352', 'Catarina T Toy. Pu 78-95 (78-85D) ,(Runner96-02) 10/41', '7A2', 1, 1, 9, 4, 1, 10, 1, 3, 1, 2, 'image_default.jpg'),
(353, '00353', 'Catarina T Toy. Pu 78-95 (78-85D) ,(Runner96-02) 9/41', '7A2', 1, 1, 9, 4, 1, 10, 1, 3, 1, 1, 'image_default.jpg'),
(354, '00354', 'Catarina T Toy. Pu 78-95 (78-85D) ,(Runner96-02) 8/39', '7B2', 1, 1, 9, 4, 1, 10, 1, 3, 1, 2, 'image_default.jpg'),
(355, '00355', 'Catarina T Toy. Pu 4x4 78-95 (78-85D),(Runner96-02) 11/43', '7B2', 1, 1, 9, 4, 1, 10, 1, 3, 1, 2, 'image_default.jpg'),
(356, '00356', 'Catarina T Toy. Pu 4x4 78-95 (78-85D),(Runner96-02) 11/41', '7B2', 1, 1, 9, 4, 1, 10, 1, 3, 1, 1, 'image_default.jpg'),
(357, '00357', 'Catarina T Tma 4x4  95-02 (T100) 10/41', '7B2', 17, 1, 3, 4, 1, 10, 1, 3, 1, 8, 'image_default.jpg'),
(358, '00358', 'Catarina T Tma 4x4  95-02 (T100) 12/49', '7C2', 17, 1, 3, 4, 1, 10, 1, 3, 1, 2, 'image_default.jpg'),
(359, '00359', 'Catarina T Tma 4x4  95-02 (T100) 10/43', '7C2', 17, 1, 3, 4, 1, 10, 1, 3, 1, 2, 'image_default.jpg'),
(360, '00360', 'Catarina T Toy.4Runner 4x4 C/B 96-05 10/43', '7C2', 18, 1, 7, 4, 1, 10, 1, 3, 1, 4, 'image_default.jpg'),
(361, '00361', 'Catarina T H.CRV  4x4 97-01', '7D2', 19, 3, 6, 4, 1, 10, 1, 3, 1, 3, 'image_default.jpg'),
(362, '00362', 'Catarina T H.CRV  4x4 02...', '7D2', 24, 3, 6, 4, 1, 10, 1, 3, 1, 3, 'image_default.jpg'),
(363, '00363', 'Catarina T Isuzu NPR 88-02 8/43', '7D2', 10, 11, 2, 4, 1, 10, 1, 3, 1, 1, 'image_default.jpg'),
(364, '00364', 'Catarina T Isuzu NPR 88-02 8/41', '7D2', 10, 11, 1, 4, 1, 10, 1, 3, 1, 1, 'image_default.jpg'),
(365, '00365', 'Caja D/timón Toy.Pu 4x2 84-88', '7E2', 6, 1, 9, 4, 1, 10, 1, 3, 1, 1, 'image_default.jpg'),
(366, '00366', 'Caja D/timón 4Ranger-MazdaPu 4x4 95-02', '7E2', 17, 1, 15, 4, 1, 10, 1, 3, 1, 1, 'image_default.jpg'),
(367, '00367', 'Caja D/timón Nissan Fronteir,Xterra,Pathfider 98-05', '7E2', 20, 2, 1, 4, 1, 10, 1, 3, 1, 3, 'image_default.jpg'),
(368, '00368', 'Caja D/timón Hino FE 90-98', '7E2', 12, 1, 1, 4, 2, 1, 1, 3, 1, 1, 'image_default.jpg'),
(369, '00369', 'Caja D/timón Ford L9000 80-95', '7E2', 2, 6, 2, 4, 2, 1, 1, 3, 1, 1, 'image_default.jpg'),
(370, '00370', 'Catarina D Toy.Pu 4x4 86-95 10/43 C/M', '8A2', 8, 1, 9, 4, 1, 10, 1, 3, 1, 2, 'image_default.jpg'),
(371, '00371', 'Catarina D Toy.Pu 4x4 86-95 9/41 C/A', '8A2', 8, 1, 9, 4, 1, 10, 1, 3, 1, 2, 'image_default.jpg'),
(372, '00372', 'Catarina D Toy.Pu 4x4 86-95 10/43 C/A', '8A2', 8, 1, 9, 4, 1, 10, 1, 3, 1, 1, 'image_default.jpg'),
(373, '00373', 'Catarina D Tma 4x4 96-03 9/41 C/A', '8B2', 18, 1, 9, 4, 1, 10, 1, 3, 1, 2, 'catarina_tacoma.jpg'),
(374, '00374', 'Catarina D Tma 4x4 96-03 10/43 C/A', '8B2', 18, 1, 3, 4, 1, 10, 1, 3, 1, 2, 'image_default.jpg'),
(375, '00375', 'Catarina D Tma 4x4 96-03 12/43 C/A', '8B2', 18, 1, 3, 4, 1, 10, 1, 3, 1, 2, 'image_default.jpg'),
(376, '00376', 'Catarina D Tma 4x4 96-03 12/43 C/M', '8C2', 18, 1, 3, 4, 1, 10, 1, 3, 1, 1, 'image_default.jpg'),
(377, '00377', 'Catarina D Tma 4x4 96-03 9/41 C/M', '8C2', 18, 1, 3, 4, 1, 10, 1, 3, 1, 1, 'image_default.jpg'),
(378, '00378', 'Catarina D Geo Tracker  97-03 8/39 C/M', '8C2', 18, 1, 3, 4, 1, 10, 1, 3, 1, 1, 'gt.jpg'),
(379, '00379', 'Catarina  D N.Xterra,Fronteir 98-02 11/51', '8D2', 20, 2, 8, 4, 1, 10, 1, 3, 1, 1, 'image_default.jpg'),
(380, '00380', 'Catarina D Ranger 4x4 95-02 15/49', '8D2', 17, 1, 15, 4, 1, 10, 1, 3, 1, 1, 'image_default.jpg'),
(381, '00381', 'Catarina T Toy. RAV4 01-05 14/41', '8C2', 23, 1, 4, 4, 1, 10, 1, 3, 1, 2, 'image_default.jpg'),
(382, '00382', 'Flecha R Geo Tracker 97-03', '8C2', 19, 5, 12, 4, 1, 10, 1, 3, 1, 1, 'image_default.jpg'),
(383, '0083', 'Catarina D Tma, 4Runner 96-05 10/41 C/A', '8A1', 18, 1, 3, 4, 1, 10, 1, 3, 1, 8, 'catarina_tacoma1.jpg'),
(384, '00384', 'Catarina D Tma, 4Runner 96-05 10/41 C/M', '8A1', 18, 1, 3, 4, 1, 10, 1, 3, 1, 3, 'image_default.jpg'),
(385, '00385', 'Catarina D Toy. 4x4 86-95 10/41 C/M', '7A1', 8, 1, 9, 4, 1, 10, 1, 3, 1, 28, '4x4_t.jpg'),
(386, '00386', 'Eje T Toy. Pu 4x4 P/ancha 86-95 10/41', '5A1', 8, 1, 9, 4, 1, 6, 1, 3, 1, 3, 'image_default.jpg'),
(387, '00387', 'Eje T Toy. Pu 4x4 P/angosta  86-95 10/43', '5A1', 8, 1, 9, 4, 1, 6, 1, 3, 1, 1, 'image_default.jpg'),
(388, '00388', 'Eje T Toy. Pu 4x4 P/angosta  78-85 10/41', '5B1', 1, 1, 9, 4, 1, 6, 1, 3, 1, 1, 'image_default.jpg'),
(389, '00389', 'Eje T Toy. Pu 4x4 P/ancha  86-95 9/41', '5A1', 8, 1, 9, 4, 1, 6, 1, 3, 1, 1, 'image_default.jpg'),
(390, '00390', 'Eje T Toy. Pu 4x4  78-85 8/35', '5B1', 1, 1, 9, 4, 1, 6, 1, 3, 1, 1, 'image_default.jpg'),
(391, '00391', 'Eje D Toy. Pu 4x4  78-85 8/35', '5B1', 1, 1, 9, 4, 1, 6, 1, 3, 1, 1, 'image_default.jpg'),
(392, '00392', 'Eje T Toy. Pu 4x2 P/ancha  85-95 11/41', '5B1', 7, 1, 9, 4, 1, 6, 1, 3, 1, 1, 'image_default.jpg'),
(393, '00393', 'Eje T Toy. Pu 4x2 Doble Llanta 78-95 10/39', '5B1', 1, 1, 9, 4, 1, 6, 1, 3, 1, 1, 'image_default.jpg'),
(394, '00394', 'Eje T Tma 4x4 95-02 12/43', '5C1', 17, 1, 3, 4, 1, 6, 1, 3, 1, 3, 'image_default.jpg'),
(395, '00395', 'Eje T Tma 4x4 95-02 12/47', '5C1', 17, 1, 3, 4, 1, 6, 1, 3, 1, 1, 'image_default.jpg'),
(396, '00396', 'Eje T Tma 4x4 95-02 10/43', '5C1', 17, 1, 3, 4, 1, 6, 1, 3, 1, 2, 'image_default.jpg'),
(397, '00397', 'Eje T Tma 4x4 95-02 10/41', '5D1', 17, 1, 3, 4, 1, 6, 1, 3, 1, 4, 'image_default.jpg'),
(398, '00398', 'Eje T Tma 4x4 95-02 9/41', '5D1', 17, 1, 3, 4, 1, 6, 1, 3, 1, 4, 'image_default.jpg'),
(399, '00399', 'Funda T Toy. 4Runner 90-95', '5E1', 12, 1, 7, 4, 1, 6, 1, 3, 1, 3, 'image_default.jpg'),
(400, '00400', 'Funda D Ranger 4x4 93-01', '5E1', 15, 1, 15, 4, 1, 6, 1, 3, 1, 1, 'image_default.jpg'),
(401, '00401', 'Funda D Toyota Pickup 78-85', '5E1', 1, 1, 9, 4, 1, 6, 1, 3, 1, 1, 'image_default.jpg'),
(402, '00402', 'Funda T Toy. 4Runner ABS 95-02', '5E1', 17, 1, 7, 4, 1, 6, 1, 3, 1, 6, 'image_default.jpg'),
(403, '00403', 'Funda T Toy. 4Runner 95-02', '5E1', 17, 1, 7, 4, 1, 6, 1, 3, 1, 1, 'image_default.jpg'),
(404, '00612', 'Eje T Toyota T100 94-02 10/43', '10B1', 16, 1, 1, 4, 1, 10, 1, 3, 1, 1, 'image_default.jpg'),
(405, '00613', 'Eje T Toyota T100 ABS 94-02 10/43', '10B1', 16, 1, 1, 4, 1, 10, 1, 3, 1, 1, 'image_default.jpg'),
(406, '00614', 'Eje T Toyota T100 94-02 10/47', '10B1', 16, 1, 1, 4, 1, 10, 1, 3, 1, 1, 'image_default.jpg'),
(407, '00615', 'Eje T Toyota T100 94-02 10/49', '10B1', 16, 1, 1, 4, 1, 10, 1, 3, 1, 1, 'image_default.jpg'),
(408, '00616', 'Eje T Toyota T100 94-02 9/41', '10B1', 16, 1, 1, 4, 1, 10, 1, 3, 1, 1, 'image_default.jpg'),
(409, '00617', 'Eje T Toyota T100 94-02 10/41', '10B1', 16, 1, 1, 4, 1, 10, 1, 3, 1, 2, 'image_default.jpg'),
(410, '00618', 'Eje T Toyota T100 94-02 11/41', '10B1', 16, 1, 1, 4, 1, 10, 1, 3, 1, 1, 'image_default.jpg'),
(411, '00619', 'Eje T Toyota T100 94-02 11/43', '10B1', 16, 1, 1, 4, 1, 10, 1, 3, 1, 1, 'image_default.jpg'),
(412, '00620', 'Eje T Toy.4Runner 96-02 C/R 10/43 ABS ', '10C1', 18, 1, 7, 4, 1, 10, 1, 3, 1, 3, 'image_default.jpg'),
(413, '00621', 'Eje T Toy.4Runner 96-02  9/41 ABS ', '10C1', 18, 1, 7, 4, 1, 10, 1, 3, 1, 1, 'image_default.jpg'),
(414, '00622', 'Eje T Toy.4Runner 96-02 10/41 ABS ', '10C1', 18, 1, 7, 4, 1, 10, 1, 3, 1, 3, 'image_default.jpg'),
(415, '00623', 'Cremallera H D/timón Tma 4x2 95-02', '8D3', 17, 1, 3, 4, 1, 10, 1, 3, 1, 2, 'image_default.jpg'),
(416, '00624', 'Cremallera H D/timón RAV4 01-05', '8D3', 23, 1, 4, 4, 1, 10, 1, 3, 1, 1, 'image_default.jpg'),
(417, '00625', 'Cremallera H D/timón H. CRV 07-12', '8D3', 29, 3, 6, 4, 1, 10, 1, 3, 1, 1, 'image_default.jpg'),
(418, '00626', 'Cremallera H D/timón Geo Tracker 99-07', '8D3}', 21, 5, 12, 4, 1, 10, 1, 3, 1, 1, 'image_default.jpg'),
(419, '00627', 'Cremallera H D/timón Nissan Altima 98-04', '8D3', 20, 2, 1, 4, 1, 10, 1, 3, 1, 1, 'image_default.jpg'),
(420, '00628', 'Cremallera H D/timón Toyota RAV4 95-00', '8D3', 17, 1, 4, 4, 1, 10, 1, 3, 1, 2, 'image_default.jpg');

-- --------------------------------------------------------

--
-- Estructura de tabla para la tabla `productos_asociados`
--

CREATE TABLE `productos_asociados` (
  `id` int(11) NOT NULL,
  `producto_original` int(11) DEFAULT NULL,
  `producto_asociado` int(11) DEFAULT NULL,
  `cantidad` tinyint(1) DEFAULT NULL
) ENGINE=InnoDB DEFAULT CHARSET=utf8;

-- --------------------------------------------------------

--
-- Estructura de tabla para la tabla `producto_precio`
--

CREATE TABLE `producto_precio` (
  `id` int(11) NOT NULL,
  `producto_id` int(11) DEFAULT NULL,
  `precio_id` int(11) DEFAULT NULL,
  `precio_venta` decimal(10,2) DEFAULT NULL,
  `precio_compra` decimal(10,2) DEFAULT NULL,
  `estado` tinyint(1) DEFAULT NULL
) ENGINE=InnoDB DEFAULT CHARSET=utf8;

--
-- Volcado de datos para la tabla `producto_precio`
--

INSERT INTO `producto_precio` (`id`, `producto_id`, `precio_id`, `precio_venta`, `precio_compra`, `estado`) VALUES
(64, 16, 3, '800.00', '500.00', 1),
(66, 18, 3, '1000.00', '700.00', 1),
(68, 20, 3, '100.00', '60.00', 1),
(69, 21, 3, '750.00', '400.00', 1),
(85, 13, 3, '600.00', '350.00', 1),
(86, 14, 3, '700.00', '400.00', 1),
(87, 15, 3, '700.00', '400.00', 1),
(88, 22, 3, '150.00', '80.00', 1),
(89, 23, 3, '150.00', '80.00', 1),
(90, 24, 3, '850.00', '600.00', 1),
(93, 25, 3, '700.00', '500.00', 1),
(94, 19, 3, '1500.00', '1000.00', 1),
(95, 17, 3, '1500.00', '1000.00', 1),
(96, 26, 3, '700.00', '500.00', 1),
(97, 27, 3, '350.00', '200.00', 1),
(98, 28, 3, '150.00', '75.00', 1),
(99, 29, 3, '350.00', '150.00', 1),
(100, 30, 3, '150.00', '75.00', 1),
(101, 31, 3, '400.00', '250.00', 1),
(102, 32, 3, '400.00', '250.00', 1),
(103, 33, 3, '300.00', '150.00', 1),
(104, 34, 3, '400.00', '250.00', 1),
(105, 35, 3, '400.00', '250.00', 1),
(106, 36, 3, '350.00', '200.00', 1),
(107, 37, 3, '350.00', '200.00', 1),
(108, 38, 3, '125.00', '75.00', 1),
(109, 39, 3, '75.00', '40.00', 1),
(110, 40, 3, '75.00', '40.00', 1),
(111, 41, 3, '75.00', '40.00', 1),
(112, 42, 3, '250.00', '150.00', 1),
(113, 43, 3, '75.00', '40.00', 1),
(114, 44, 3, '250.00', '150.00', 1),
(115, 45, 3, '100.00', '50.00', 1),
(116, 46, 3, '250.00', '150.00', 1),
(117, 47, 3, '100.00', '50.00', 1),
(118, 48, 3, '250.00', '150.00', 1),
(119, 49, 3, '300.00', '175.00', 1),
(120, 50, 3, '300.00', '175.00', 1),
(121, 51, 3, '300.00', '175.00', 1),
(122, 52, 3, '250.00', '100.00', 1),
(124, 54, 3, '850.00', '500.00', 1),
(125, 53, 3, '1000.00', '700.00', 1),
(126, 55, 3, '850.00', '500.00', 1),
(127, 56, 3, '350.00', '100.00', 1),
(128, 57, 3, '1000.00', '750.00', 1),
(129, 58, 3, '900.00', '400.00', 1),
(130, 59, 3, '1000.00', '750.00', 1),
(131, 60, 3, '900.00', '400.00', 1),
(132, 61, 3, '500.00', '250.00', 1),
(133, 62, 3, '500.00', '250.00', 1),
(137, 66, 3, '1200.00', '900.00', 1),
(138, 67, 3, '1000.00', '700.00', 1),
(139, 68, 3, '400.00', '250.00', 1),
(140, 69, 3, '1000.00', '750.00', 1),
(141, 70, 3, '1000.00', '750.00', 1),
(142, 71, 3, '1000.00', '750.00', 1),
(143, 72, 3, '700.00', '400.00', 1),
(144, 73, 3, '700.00', '400.00', 1),
(145, 74, 3, '700.00', '400.00', 1),
(146, 75, 3, '200.00', '125.00', 1),
(147, 76, 3, '200.00', '125.00', 1),
(148, 77, 3, '1000.00', '700.00', 1),
(149, 78, 3, '1000.00', '700.00', 1),
(150, 79, 3, '500.00', '300.00', 1),
(151, 80, 3, '1000.00', '700.00', 1),
(152, 81, 3, '1000.00', '700.00', 1),
(153, 82, 3, '700.00', '350.00', 1),
(154, 83, 3, '250.00', '150.00', 1),
(155, 84, 3, '750.00', '500.00', 1),
(156, 85, 3, '300.00', '175.00', 1),
(157, 86, 3, '1000.00', '600.00', 1),
(158, 87, 3, '1000.00', '600.00', 1),
(159, 88, 3, '200.00', '100.00', 1),
(160, 89, 3, '200.00', '100.00', 1),
(161, 90, 3, '700.00', '400.00', 1),
(164, 109, 3, '300.00', '200.00', 1),
(165, 110, 3, '300.00', '200.00', 1),
(166, 111, 3, '150.00', '75.00', 1),
(167, 112, 3, '500.00', '300.00', 1),
(168, 113, 3, '500.00', '300.00', 1),
(169, 114, 3, '175.00', '90.00', 1),
(170, 115, 3, '800.00', '600.00', 1),
(171, 116, 3, '500.00', '350.00', 1),
(172, 117, 3, '500.00', '350.00', 1),
(173, 118, 3, '500.00', '350.00', 1),
(174, 119, 3, '500.00', '350.00', 1),
(175, 120, 3, '500.00', '350.00', 1),
(176, 121, 3, '700.00', '450.00', 1),
(177, 122, 3, '350.00', '250.00', 1),
(179, 124, 3, '750.00', '500.00', 1),
(180, 123, 3, '700.00', '450.00', 1),
(181, 125, 3, '100.00', '75.00', 1),
(182, 126, 3, '150.00', '75.00', 1),
(183, 127, 3, '100.00', '75.00', 1),
(184, 128, 3, '800.00', '600.00', 1),
(185, 129, 3, '800.00', '600.00', 1),
(186, 130, 3, '200.00', '125.00', 1),
(187, 131, 3, '200.00', '125.00', 1),
(188, 132, 3, '200.00', '150.00', 1),
(189, 133, 3, '200.00', '150.00', 1),
(190, 134, 3, '100.00', '75.00', 1),
(191, 135, 3, '1000.00', '750.00', 1),
(192, 136, 3, '250.00', '175.00', 1),
(193, 137, 3, '250.00', '175.00', 1),
(194, 138, 3, '1000.00', '750.00', 1),
(195, 139, 3, '250.00', '175.00', 1),
(196, 140, 3, '800.00', '650.00', 1),
(197, 141, 3, '250.00', '175.00', 1),
(198, 142, 3, '200.00', '175.00', 1),
(199, 143, 3, '800.00', '650.00', 1),
(200, 144, 3, '250.00', '175.00', 1),
(201, 145, 3, '200.00', '175.00', 1),
(202, 146, 3, '250.00', '175.00', 1),
(204, 147, 3, '250.00', '175.00', 1),
(205, 148, 3, '1000.00', '850.00', 1),
(206, 149, 3, '250.00', '175.00', 1),
(207, 150, 3, '200.00', '175.00', 1),
(208, 151, 3, '200.00', '175.00', 1),
(209, 152, 3, '200.00', '125.00', 1),
(210, 153, 3, '200.00', '125.00', 1),
(211, 154, 3, '200.00', '125.00', 1),
(212, 155, 3, '200.00', '125.00', 1),
(213, 156, 3, '200.00', '125.00', 1),
(214, 157, 3, '200.00', '125.00', 1),
(215, 158, 3, '200.00', '125.00', 1),
(216, 159, 3, '200.00', '125.00', 1),
(217, 160, 3, '200.00', '125.00', 1),
(218, 161, 3, '200.00', '125.00', 1),
(219, 162, 3, '200.00', '125.00', 1),
(223, 166, 3, '200.00', '125.00', 1),
(224, 167, 3, '200.00', '125.00', 1),
(225, 168, 3, '200.00', '125.00', 1),
(226, 169, 3, '200.00', '125.00', 1),
(248, 170, 3, '200.00', '125.00', 1),
(249, 171, 3, '200.00', '125.00', 1),
(250, 172, 3, '200.00', '125.00', 1),
(251, 173, 3, '200.00', '125.00', 1),
(253, 174, 3, '200.00', '125.00', 1),
(254, 175, 3, '200.00', '125.00', 1),
(257, 178, 3, '200.00', '125.00', 1),
(258, 179, 3, '200.00', '125.00', 1),
(259, 180, 3, '200.00', '125.00', 1),
(260, 181, 3, '200.00', '125.00', 1),
(262, 182, 3, '200.00', '125.00', 1),
(263, 183, 3, '200.00', '125.00', 1),
(264, 184, 3, '200.00', '125.00', 1),
(265, 185, 3, '200.00', '125.00', 1),
(267, 187, 3, '200.00', '125.00', 1),
(268, 188, 3, '200.00', '125.00', 1),
(269, 189, 3, '250.00', '150.00', 1),
(270, 190, 3, '150.00', '50.00', 1),
(271, 191, 3, '250.00', '125.00', 1),
(272, 192, 3, '250.00', '125.00', 1),
(273, 193, 3, '250.00', '125.00', 1),
(274, 194, 3, '400.00', '275.00', 1),
(275, 195, 3, '400.00', '260.00', 1),
(276, 196, 3, '150.00', '100.00', 1),
(277, 197, 3, '700.00', '400.00', 1),
(278, 198, 3, '250.00', '125.00', 1),
(279, 199, 3, '150.00', '100.00', 1),
(280, 200, 3, '250.00', '125.00', 1),
(281, 201, 3, '250.00', '125.00', 1),
(282, 202, 3, '100.00', '75.00', 1),
(283, 203, 3, '1000.00', '850.00', 1),
(284, 204, 3, '200.00', '150.00', 1),
(285, 205, 3, '200.00', '125.00', 1),
(286, 206, 3, '0.50', '400.00', 1),
(287, 207, 3, '200.00', '125.00', 1),
(288, 208, 3, '200.00', '125.00', 1),
(292, 212, 3, '1000.00', '850.00', 1),
(293, 213, 3, '150.00', '100.00', 1),
(294, 214, 3, '250.00', '175.00', 1),
(295, 215, 3, '250.00', '175.00', 1),
(296, 216, 3, '200.00', '125.00', 1),
(297, 217, 3, '200.00', '125.00', 1),
(298, 218, 3, '200.00', '125.00', 1),
(299, 219, 3, '200.00', '125.00', 1),
(301, 220, 3, '200.00', '125.00', 1),
(302, 221, 3, '200.00', '125.00', 1),
(303, 63, 3, '1100.00', '700.00', 1),
(304, 64, 3, '1100.00', '700.00', 1),
(305, 65, 3, '750.00', '500.00', 1),
(306, 222, 3, '200.00', '125.00', 1),
(310, 225, 3, '300.00', '225.00', 1),
(311, 1, 3, '1200.00', '700.00', 1),
(312, 2, 3, '150.00', '75.00', 1),
(313, 3, 3, '150.00', '75.00', 1),
(314, 4, 3, '700.00', '400.00', 1),
(315, 226, 3, '1500.00', '1200.00', 1),
(316, 5, 3, '350.00', '150.00', 1),
(317, 6, 3, '1500.00', '1000.00', 1),
(318, 7, 3, '2000.00', '1200.00', 1),
(319, 8, 3, '750.00', '400.00', 1),
(320, 9, 3, '1500.00', '1000.00', 1),
(321, 9, 4, '1400.00', '1000.00', 1),
(323, 11, 3, '700.00', '450.00', 1),
(325, 228, 3, '1000.00', '850.00', 1),
(327, 230, 3, '200.00', '125.00', 1),
(329, 232, 3, '250.00', '175.00', 1),
(330, 233, 3, '1000.00', '850.00', 1),
(331, 234, 3, '250.00', '125.00', 1),
(332, 10, 3, '900.00', '600.00', 1),
(333, 235, 3, '250.00', '175.00', 1),
(334, 236, 3, '200.00', '125.00', 1),
(335, 237, 3, '200.00', '125.00', 1),
(337, 239, 3, '1000.00', '850.00', 1),
(338, 238, 3, '1000.00', '850.00', 1),
(339, 240, 3, '200.00', '125.00', 1),
(341, 241, 3, '100.00', '75.00', 1),
(342, 242, 3, '250.00', '175.00', 1),
(343, 243, 3, '250.00', '175.00', 1),
(344, 244, 3, '250.00', '175.00', 1),
(345, 245, 3, '150.00', '75.00', 1),
(346, 246, 3, '200.00', '125.00', 1),
(347, 229, 3, '200.00', '125.00', 1),
(348, 227, 3, '250.00', '175.00', 1),
(349, 209, 3, '1000.00', '850.00', 1),
(351, 210, 3, '250.00', '175.00', 1),
(352, 165, 3, '200.00', '125.00', 1),
(353, 164, 3, '200.00', '125.00', 1),
(354, 247, 3, '1000.00', '700.00', 1),
(355, 248, 3, '200.00', '100.00', 1),
(356, 249, 3, '200.00', '100.00', 1),
(357, 250, 3, '250.00', '150.00', 1),
(358, 251, 3, '250.00', '150.00', 1),
(359, 252, 3, '1000.00', '700.00', 1),
(360, 253, 3, '250.00', '150.00', 1),
(361, 254, 3, '200.00', '100.00', 1),
(362, 255, 3, '250.00', '150.00', 1),
(363, 256, 3, '150.00', '100.00', 1),
(364, 257, 3, '250.00', '150.00', 1),
(365, 258, 3, '1000.00', '700.00', 1),
(366, 259, 3, '200.00', '100.00', 1),
(367, 260, 3, '450.00', '300.00', 1),
(368, 261, 3, '250.00', '150.00', 1),
(369, 262, 3, '150.00', '100.00', 1),
(372, 263, 3, '150.00', '100.00', 1),
(373, 264, 3, '150.00', '100.00', 1),
(374, 265, 3, '500.00', '350.00', 1),
(375, 266, 3, '250.00', '150.00', 1),
(376, 267, 3, '250.00', '150.00', 1),
(377, 268, 3, '500.00', '350.00', 1),
(378, 269, 3, '250.00', '150.00', 1),
(379, 270, 3, '250.00', '150.00', 1),
(380, 271, 3, '450.00', '300.00', 1),
(381, 272, 3, '200.00', '100.00', 1),
(382, 273, 3, '250.00', '150.00', 1),
(383, 274, 3, '200.00', '150.00', 1),
(384, 275, 3, '150.00', '100.00', 1),
(385, 276, 3, '600.00', '400.00', 1),
(386, 277, 3, '250.00', '150.00', 1),
(387, 278, 3, '200.00', '100.00', 1),
(388, 279, 3, '200.00', '100.00', 1),
(389, 280, 3, '600.00', '400.00', 1),
(390, 281, 3, '250.00', '150.00', 1),
(391, 282, 3, '200.00', '100.00', 1),
(392, 283, 3, '200.00', '100.00', 1),
(393, 284, 3, '500.00', '350.00', 1),
(394, 285, 3, '100.00', '75.00', 1),
(395, 286, 3, '1000.00', '700.00', 1),
(396, 287, 3, '300.00', '200.00', 1),
(398, 289, 3, '200.00', '100.00', 1),
(399, 290, 3, '250.00', '150.00', 1),
(401, 291, 3, '1000.00', '700.00', 1),
(402, 292, 3, '300.00', '200.00', 1),
(403, 293, 3, '150.00', '100.00', 1),
(404, 294, 3, '200.00', '100.00', 1),
(405, 295, 3, '250.00', '150.00', 1),
(406, 296, 3, '1000.00', '750.00', 1),
(407, 297, 3, '350.00', '200.00', 1),
(408, 298, 3, '250.00', '150.00', 1),
(409, 299, 3, '1000.00', '750.00', 1),
(410, 300, 3, '350.00', '200.00', 1),
(411, 301, 3, '250.00', '150.00', 1),
(412, 302, 3, '1000.00', '850.00', 1),
(414, 303, 3, '200.00', '125.00', 1),
(415, 304, 3, '200.00', '125.00', 1),
(416, 305, 3, '200.00', '125.00', 1),
(417, 306, 3, '200.00', '125.00', 1),
(418, 307, 3, '200.00', '125.00', 1),
(419, 308, 3, '350.00', '250.00', 1),
(420, 309, 3, '350.00', '250.00', 1),
(421, 310, 3, '350.00', '250.00', 1),
(422, 311, 3, '200.00', '125.00', 1),
(423, 312, 3, '200.00', '125.00', 1),
(424, 231, 3, '250.00', '125.00', 1),
(425, 12, 3, '700.00', '450.00', 1),
(426, 163, 3, '200.00', '125.00', 1),
(427, 176, 3, '200.00', '125.00', 1),
(428, 177, 3, '200.00', '125.00', 1),
(429, 186, 3, '200.00', '125.00', 1),
(430, 211, 3, '250.00', '175.00', 1),
(433, 224, 3, '300.00', '225.00', 1),
(434, 223, 3, '300.00', '225.00', 1),
(435, 313, 3, '3500.00', '2000.00', 1),
(436, 314, 3, '3500.00', '2000.00', 1),
(437, 315, 3, '2500.00', '1500.00', 1),
(438, 316, 3, '4000.00', '2500.00', 1),
(439, 317, 3, '3000.00', '2000.00', 1),
(440, 318, 3, '4000.00', '2500.00', 1),
(441, 319, 3, '2000.00', '1500.00', 1),
(442, 320, 3, '3500.00', '2500.00', 1),
(443, 321, 3, '2500.00', '1000.00', 1),
(444, 322, 3, '2000.00', '1500.00', 1),
(445, 323, 3, '3500.00', '2000.00', 1),
(446, 324, 3, '3500.00', '2000.00', 1),
(447, 325, 3, '3500.00', '2000.00', 1),
(448, 326, 3, '3000.00', '1500.00', 1),
(449, 327, 3, '8000.00', '6000.00', 1),
(450, 328, 3, '9000.00', '4500.00', 1),
(451, 329, 3, '8500.00', '5500.00', 1),
(452, 330, 3, '5500.00', '2500.00', 1),
(453, 331, 3, '1500.00', '700.00', 1),
(454, 332, 3, '3000.00', '1500.00', 1),
(455, 333, 3, '3000.00', '1500.00', 1),
(456, 334, 3, '0.20', '1000.00', 1),
(457, 335, 3, '3500.00', '1500.00', 1),
(460, 337, 3, '4500.00', '3000.00', 1),
(461, 336, 3, '1500.00', '700.00', 1),
(462, 338, 3, '700.00', '450.00', 1),
(463, 339, 3, '700.00', '450.00', 1),
(464, 340, 3, '850.00', '500.00', 1),
(465, 341, 3, '850.00', '500.00', 1),
(466, 342, 3, '650.00', '400.00', 1),
(467, 343, 3, '650.00', '400.00', 1),
(469, 344, 3, '400.00', '200.00', 1),
(470, 345, 3, '400.00', '200.00', 1),
(474, 349, 3, '350.00', '150.00', 1),
(475, 348, 3, '500.00', '250.00', 1),
(476, 350, 3, '500.00', '250.00', 1),
(477, 351, 3, '350.00', '150.00', 1),
(478, 346, 3, '650.00', '300.00', 1),
(479, 347, 3, '650.00', '300.00', 1),
(480, 352, 3, '2800.00', '1500.00', 1),
(481, 353, 3, '2800.00', '1500.00', 1),
(482, 354, 3, '2800.00', '1500.00', 1),
(483, 355, 3, '3500.00', '2000.00', 1),
(484, 356, 3, '3500.00', '2000.00', 1),
(485, 357, 3, '3200.00', '2000.00', 1),
(486, 358, 3, '3200.00', '2000.00', 1),
(487, 359, 3, '3200.00', '2000.00', 1),
(488, 360, 3, '3500.00', '2500.00', 1),
(489, 361, 3, '2500.00', '1500.00', 1),
(490, 362, 3, '2500.00', '1500.00', 1),
(491, 363, 3, '4000.00', '2000.00', 1),
(492, 364, 3, '4000.00', '2000.00', 1),
(493, 365, 3, '1000.00', '500.00', 1),
(494, 366, 3, '1000.00', '500.00', 1),
(495, 367, 3, '1200.00', '600.00', 1),
(496, 368, 3, '1500.00', '700.00', 1),
(497, 369, 3, '1000.00', '500.00', 1),
(498, 370, 3, '2500.00', '1000.00', 1),
(499, 371, 3, '2800.00', '1400.00', 1),
(500, 372, 3, '2800.00', '1400.00', 1),
(502, 373, 3, '3000.00', '1500.00', 1),
(503, 374, 3, '3000.00', '1500.00', 1),
(504, 375, 3, '3000.00', '1500.00', 1),
(505, 376, 3, '2800.00', '1000.00', 1),
(506, 377, 3, '3000.00', '1500.00', 1),
(508, 379, 3, '2500.00', '1200.00', 1),
(509, 380, 3, '2500.00', '1200.00', 1),
(510, 381, 3, '2500.00', '1200.00', 1),
(511, 382, 3, '500.00', '250.00', 1),
(513, 384, 3, '300.00', '150.00', 1),
(515, 383, 3, '300.00', '150.00', 1),
(516, 288, 3, '400.00', '250.00', 1),
(517, 385, 3, '1800.00', '900.00', 1),
(518, 378, 3, '2500.00', '1200.00', 1),
(519, 386, 3, '4500.00', '2300.00', 1),
(520, 387, 3, '4500.00', '2300.00', 1),
(521, 388, 3, '4500.00', '2300.00', 1),
(522, 389, 3, '4500.00', '2300.00', 1),
(523, 390, 3, '4500.00', '2300.00', 1),
(524, 391, 3, '4500.00', '2300.00', 1),
(525, 392, 3, '2500.00', '1000.00', 1),
(526, 393, 3, '5000.00', '2500.00', 1),
(527, 394, 3, '4500.00', '2300.00', 1),
(528, 395, 3, '4500.00', '2300.00', 1),
(529, 396, 3, '4500.00', '2300.00', 1),
(530, 397, 3, '4500.00', '2300.00', 1),
(531, 398, 3, '4500.00', '2300.00', 1),
(532, 399, 3, '1500.00', '700.00', 1),
(533, 400, 3, '700.00', '350.00', 1),
(534, 401, 3, '1000.00', '500.00', 1),
(535, 402, 3, '1500.00', '750.00', 1),
(536, 403, 3, '1500.00', '750.00', 1),
(537, 404, 3, '4500.00', '2300.00', 1),
(538, 405, 3, '5000.00', '3000.00', 1),
(539, 406, 3, '4500.00', '2300.00', 1),
(540, 407, 3, '4500.00', '2300.00', 1),
(541, 408, 3, '4500.00', '2300.00', 1),
(542, 409, 3, '4500.00', '2300.00', 1),
(543, 410, 3, '4500.00', '2300.00', 1),
(544, 411, 3, '4500.00', '2300.00', 1),
(545, 412, 3, '5000.00', '3000.00', 1),
(546, 413, 3, '5000.00', '3000.00', 1),
(547, 414, 3, '5000.00', '3000.00', 1),
(548, 415, 3, '1800.00', '900.00', 1),
(549, 416, 3, '2000.00', '1000.00', 1),
(550, 417, 3, '2500.00', '1200.00', 1),
(551, 418, 3, '1700.00', '800.00', 1),
(552, 419, 3, '1500.00', '700.00', 1),
(553, 420, 3, '1800.00', '900.00', 1);

-- --------------------------------------------------------

--
-- Estructura de tabla para la tabla `proveedores`
--

CREATE TABLE `proveedores` (
  `id` int(11) NOT NULL,
  `nit` varchar(45) DEFAULT NULL,
  `nombre` varchar(150) DEFAULT NULL,
  `direccion` varchar(100) DEFAULT NULL,
  `telefono` varchar(45) DEFAULT NULL,
  `email` varchar(45) DEFAULT NULL,
  `estado` tinyint(1) DEFAULT NULL
) ENGINE=InnoDB DEFAULT CHARSET=utf8;

--
-- Volcado de datos para la tabla `proveedores`
--

INSERT INTO `proveedores` (`id`, `nit`, `nombre`, `direccion`, `telefono`, `email`, `estado`) VALUES
(1, '10101010', 'Proveedor 01', 'Guatemala Zona 1', '484804', 'proveedor@gmail.com', 1);

-- --------------------------------------------------------

--
-- Estructura de tabla para la tabla `roles`
--

CREATE TABLE `roles` (
  `id` int(11) NOT NULL,
  `nombre` varchar(45) DEFAULT NULL,
  `estado` tinyint(1) DEFAULT NULL,
  `descripcion` text,
  `total_access` tinyint(1) DEFAULT NULL
) ENGINE=InnoDB DEFAULT CHARSET=utf8;

--
-- Volcado de datos para la tabla `roles`
--

INSERT INTO `roles` (`id`, `nombre`, `estado`, `descripcion`, `total_access`) VALUES
(1, 'Superadmin', 1, 'tiene acceso a todas las funciones y sucursales', 1),
(2, 'administrador', 1, 'administrador de sucursal', 0),
(3, 'Cajero ', 1, 'Funciones de caja', 0);

-- --------------------------------------------------------

--
-- Estructura de tabla para la tabla `subcategorias`
--

CREATE TABLE `subcategorias` (
  `id` int(11) NOT NULL,
  `nombre` varchar(100) DEFAULT NULL,
  `categoria_id` int(11) DEFAULT NULL,
  `descripcion` varchar(200) DEFAULT NULL,
  `estado` tinyint(1) DEFAULT NULL
) ENGINE=InnoDB DEFAULT CHARSET=utf8;

--
-- Volcado de datos para la tabla `subcategorias`
--

INSERT INTO `subcategorias` (`id`, `nombre`, `categoria_id`, `descripcion`, `estado`) VALUES
(1, 'subcategoria 01', 2, 'subcategoria 01 ', 1),
(2, 'subcategoria 02', 2, 'subcategoria 02', 1),
(3, 'Aceites', 1, 'Aceite para Vehiculos', 1),
(4, 'Amortiguadores', 1, 'Amortiguadores', 1),
(5, 'Bomba Hidraulica', 1, 'Bomas Hidraulicas', 1),
(6, 'Carroceria', 1, 'Todo de Carrocerias', 1),
(7, 'Chasis', 1, 'Chasis', 1),
(9, 'Suspension', 1, 'Suspension', 1),
(10, 'Motor', 1, 'Motor', 1);

-- --------------------------------------------------------

--
-- Estructura de tabla para la tabla `sucursales`
--

CREATE TABLE `sucursales` (
  `id` int(11) NOT NULL,
  `nombre` varchar(100) DEFAULT NULL,
  `ubicacion` varchar(150) DEFAULT NULL,
  `telefono` varchar(20) DEFAULT NULL,
  `email` varchar(150) DEFAULT NULL,
  `clave_especial` varchar(100) DEFAULT NULL,
  `correo_remitente` varchar(150) DEFAULT NULL,
  `estado` tinyint(1) DEFAULT NULL
) ENGINE=InnoDB DEFAULT CHARSET=utf8;

--
-- Volcado de datos para la tabla `sucursales`
--

INSERT INTO `sucursales` (`id`, `nombre`, `ubicacion`, `telefono`, `email`, `clave_especial`, `correo_remitente`, `estado`) VALUES
(1, 'Sucursal 1', 'Edificio Xocoxop 2da Av Barrio La Libertad Joyabaj', '55511345', 'sucursal1@gmail.com', '123456', 'sucursal1@gmail.com', 1),
(2, 'Sucursal 02', 'Chuaquenun', '45454545', 'sucursal2@gmail.com', '123456', 'sucursal2@gmail.com', 1),
(3, 'Sucursal 03', 'NA', 'xx', 'sucursal3@gmail.com', '123456', 'sucursal03@gmail.com', 1);

-- --------------------------------------------------------

--
-- Estructura de tabla para la tabla `tarjetas`
--

CREATE TABLE `tarjetas` (
  `id` int(11) NOT NULL,
  `nombre` varchar(45) DEFAULT NULL,
  `descripcion` varchar(100) DEFAULT NULL,
  `estado` tinyint(1) DEFAULT NULL
) ENGINE=InnoDB DEFAULT CHARSET=utf8;

--
-- Volcado de datos para la tabla `tarjetas`
--

INSERT INTO `tarjetas` (`id`, `nombre`, `descripcion`, `estado`) VALUES
(1, 'VISA', 'TARJETA VISA', 1),
(2, 'Master Card', 'tarjeta master cad', 1);

-- --------------------------------------------------------

--
-- Estructura de tabla para la tabla `traslados`
--

CREATE TABLE `traslados` (
  `id` int(11) NOT NULL,
  `sucursal_envio` int(11) DEFAULT NULL,
  `bodega_envio` int(11) DEFAULT NULL,
  `sucursal_recibe` int(11) DEFAULT NULL,
  `bodega_recibe` int(11) DEFAULT NULL,
  `fecha` datetime DEFAULT NULL,
  `estado` tinyint(4) DEFAULT NULL,
  `usuario_id` int(11) DEFAULT NULL
) ENGINE=InnoDB DEFAULT CHARSET=utf8;

--
-- Volcado de datos para la tabla `traslados`
--

INSERT INTO `traslados` (`id`, `sucursal_envio`, `bodega_envio`, `sucursal_recibe`, `bodega_recibe`, `fecha`, `estado`, `usuario_id`) VALUES
(1, 1, 2, 1, 1, '2019-07-07 00:00:00', 1, 1),
(2, 1, 1, 1, 2, '2019-07-06 00:00:00', 0, 1),
(3, 1, 2, 1, 1, '2019-07-07 00:00:00', 1, 1),
(4, 1, 1, 1, 2, '2019-07-07 10:09:34', 0, 1),
(5, 1, 2, 1, 1, '2019-07-14 11:38:02', 1, 4),
(6, 1, 2, 1, 1, '2019-07-14 11:40:08', 1, 4);

-- --------------------------------------------------------

--
-- Estructura de tabla para la tabla `traslados_productos`
--

CREATE TABLE `traslados_productos` (
  `id` int(11) NOT NULL,
  `traslado_id` int(11) DEFAULT NULL,
  `producto_id` int(11) DEFAULT NULL,
  `cantidad` int(11) DEFAULT NULL
) ENGINE=InnoDB DEFAULT CHARSET=utf8;

--
-- Volcado de datos para la tabla `traslados_productos`
--

INSERT INTO `traslados_productos` (`id`, `traslado_id`, `producto_id`, `cantidad`) VALUES
(1, 2, 2, 5),
(2, 3, 2, 5),
(3, 4, 2, 5);

-- --------------------------------------------------------

--
-- Estructura de tabla para la tabla `usuarios`
--

CREATE TABLE `usuarios` (
  `id` int(11) NOT NULL,
  `nombres` varchar(200) DEFAULT NULL,
  `apellidos` varchar(200) DEFAULT NULL,
  `email` varchar(150) DEFAULT NULL,
  `telefono` varchar(20) DEFAULT NULL,
  `username` varchar(45) DEFAULT NULL,
  `password` varchar(100) DEFAULT NULL,
  `rol_id` int(11) DEFAULT NULL,
  `sucursal_id` int(11) DEFAULT NULL,
  `estado` tinyint(1) DEFAULT NULL
) ENGINE=InnoDB DEFAULT CHARSET=utf8;

--
-- Volcado de datos para la tabla `usuarios`
--

INSERT INTO `usuarios` (`id`, `nombres`, `apellidos`, `email`, `telefono`, `username`, `password`, `rol_id`, `sucursal_id`, `estado`) VALUES
(1, 'yony brondy', 'mamani fuentes', 'yonybrondy17@gmail.com', '962655577', 'yonilo', 'd033e22ae348aeb5660fc2140aec35850c4da997', 1, NULL, 1),
(2, 'admin', 'admin', 'admin@gmail.com', '454545', 'admin', 'd033e22ae348aeb5660fc2140aec35850c4da997', 2, 1, 1),
(3, 'juan miguel', 'Manqirue', 'juan@gmail.com', '454545', 'admin2', '315f166c5aca63a157f7d41007675cb44a948b33', 2, 2, 1),
(4, 'Gary', 'Cano', 'info@wilsonicx.com', '42956492', 'gcano', '77debaf86247c137797372b599fced1c8e730c3f', 1, 1, 1),
(5, 'Swany', 'Perez Sanchez', 'swany@gmail.com', '4444444', 'swany', 'c4a561eb3c001cd87075940c969f2be95f4fbb1d', 1, 1, 1),
(6, 'Elio', 'Perez', 'elio@gmail.com', '78787878', 'eliojr', 'f6a26b55193e048ea896e8b2fc8360398f81b0d8', 1, 1, 1),
(7, 'Elio ', 'Perez Ramos', 'elioperez@gmail.com', '54548778', 'eepra', 'e4d3d3f0fce651d09aee5480ec5e58268ccc2409', 1, 1, 1);

-- --------------------------------------------------------

--
-- Estructura de tabla para la tabla `ventas`
--

CREATE TABLE `ventas` (
  `id` int(11) NOT NULL,
  `numero_comprobante` varchar(50) DEFAULT NULL,
  `comprobante_id` int(11) DEFAULT NULL,
  `estado` int(11) DEFAULT NULL,
  `fecha` datetime DEFAULT NULL,
  `tipo_pago` int(11) DEFAULT NULL,
  `cliente_id` int(11) DEFAULT NULL,
  `subtotal` decimal(10,2) DEFAULT NULL,
  `iva` decimal(10,2) DEFAULT NULL,
  `descuento` decimal(10,2) DEFAULT NULL,
  `total` decimal(10,2) DEFAULT NULL,
  `monto_efectivo` decimal(10,2) DEFAULT NULL,
  `monto_credito` decimal(10,2) DEFAULT NULL,
  `monto_tarjeta` decimal(10,2) DEFAULT NULL,
  `tarjeta_id` int(11) DEFAULT '0',
  `caja_id` int(11) DEFAULT NULL,
  `bodega_id` int(11) DEFAULT NULL,
  `sucursal_id` int(11) DEFAULT NULL
) ENGINE=InnoDB DEFAULT CHARSET=utf8;

--
-- Volcado de datos para la tabla `ventas`
--

INSERT INTO `ventas` (`id`, `numero_comprobante`, `comprobante_id`, `estado`, `fecha`, `tipo_pago`, `cliente_id`, `subtotal`, `iva`, `descuento`, `total`, `monto_efectivo`, `monto_credito`, `monto_tarjeta`, `tarjeta_id`, `caja_id`, `bodega_id`, `sucursal_id`) VALUES
(1, '00000001', 1, 1, '2019-06-25 23:15:16', 1, 1, '75.00', '0.00', '0.00', '75.00', '75.00', '0.00', '0.00', 0, 1, 2, 1),
(2, '00000001', 2, 0, '2019-06-25 23:26:24', 1, 1, '75.00', '0.00', '0.00', '75.00', '75.00', '0.00', '0.00', 0, 1, 2, 1),
(3, '00000001', 3, 0, '2019-06-25 23:35:12', 1, 1, '50.00', '0.00', '0.00', '50.00', '50.00', '0.00', '0.00', 0, 1, 2, 1),
(4, '00000002', 3, 0, '2019-06-25 23:37:57', 1, 1, '90.00', '0.00', '0.00', '90.00', '90.00', '0.00', '0.00', 0, 1, 2, 1),
(5, '00000002', 1, 1, '2019-07-01 08:46:08', 1, 1, '60.00', '0.00', '0.00', '60.00', '60.00', '0.00', '0.00', 0, 1, 2, 1),
(6, '00000003', 3, 1, '2019-07-01 09:45:35', 4, 1, '90.00', '0.00', '0.00', '90.00', '0.00', '90.00', '0.00', 0, 1, 2, 1),
(7, '00000002', 2, 1, '2019-07-10 23:23:18', 1, 1, '200.00', '0.00', '0.00', '200.00', '200.00', '0.00', '0.00', 0, 1, 2, 1),
(8, '00000004', 3, 1, '2019-07-21 08:05:00', 1, 1, '600.00', '0.00', '0.00', '600.00', '600.00', '0.00', '0.00', 0, 5, 1, 1);

-- --------------------------------------------------------

--
-- Estructura de tabla para la tabla `years`
--

CREATE TABLE `years` (
  `id` int(11) NOT NULL,
  `year` year(4) DEFAULT NULL,
  `estado` tinyint(1) DEFAULT NULL,
  `descripcion` varchar(200) DEFAULT NULL
) ENGINE=InnoDB DEFAULT CHARSET=utf8;

--
-- Volcado de datos para la tabla `years`
--

INSERT INTO `years` (`id`, `year`, `estado`, `descripcion`) VALUES
(1, 1979, 1, '1979'),
(2, 1980, 1, ''),
(3, 1981, 1, ''),
(4, 1982, 1, ''),
(5, 1983, 1, ''),
(6, 1984, 1, ''),
(7, 1985, 1, ''),
(8, 1986, 1, ''),
(9, 1987, 1, ''),
(10, 1988, 1, ''),
(11, 1989, 1, ''),
(12, 1990, 1, ''),
(13, 1991, 1, ''),
(14, 1992, 1, ''),
(15, 1993, 1, ''),
(16, 1994, 1, ''),
(17, 1995, 1, ''),
(18, 1996, 1, ''),
(19, 1997, 1, ''),
(20, 1998, 1, ''),
(21, 1999, 1, ''),
(22, 2000, 1, ''),
(23, 2001, 1, ''),
(24, 2002, 1, ''),
(25, 2003, 1, ''),
(26, 2004, 1, ''),
(27, 2005, 1, ''),
(28, 2006, 1, ''),
(29, 2007, 1, ''),
(30, 2008, 1, ''),
(31, 2009, 1, ''),
(32, 2010, 1, ''),
(33, 2011, 1, ''),
(34, 2012, 1, ''),
(35, 2013, 1, ''),
(36, 2014, 1, ''),
(37, 2015, 1, ''),
(38, 2016, 1, ''),
(39, 2017, 1, ''),
(40, 2018, 1, ''),
(41, 2019, 1, '');

--
-- Índices para tablas volcadas
--

--
-- Indices de la tabla `ajustes`
--
ALTER TABLE `ajustes`
  ADD PRIMARY KEY (`id`),
  ADD KEY `fk_ajuste_sucursal_idx` (`sucursal_id`),
  ADD KEY `fk_ajuste_bodega_idx` (`bodega_id`),
  ADD KEY `fk_ajuste_usuario_idx` (`usuario_id`);

--
-- Indices de la tabla `ajustes_productos`
--
ALTER TABLE `ajustes_productos`
  ADD PRIMARY KEY (`id`),
  ADD KEY `fk_ajuste_idx` (`ajuste_id`),
  ADD KEY `fk_ajuste_producto_idx` (`producto_id`);

--
-- Indices de la tabla `bodegas`
--
ALTER TABLE `bodegas`
  ADD PRIMARY KEY (`id`),
  ADD UNIQUE KEY `nombre_UNIQUE` (`nombre`);

--
-- Indices de la tabla `bodega_sucursal`
--
ALTER TABLE `bodega_sucursal`
  ADD PRIMARY KEY (`id`),
  ADD KEY `fk_bodega_idx` (`bodega_id`),
  ADD KEY `fk_sucursal_idx` (`sucursal_id`);

--
-- Indices de la tabla `bodega_sucursal_producto`
--
ALTER TABLE `bodega_sucursal_producto`
  ADD PRIMARY KEY (`id`),
  ADD KEY `fk_producto_idx` (`producto_id`),
  ADD KEY `fk_bodega_idx` (`bodega_id`),
  ADD KEY `fk_sucursal_idx` (`sucursal_id`);

--
-- Indices de la tabla `caja`
--
ALTER TABLE `caja`
  ADD PRIMARY KEY (`id`),
  ADD KEY `fk_usuario_idx` (`usuario_id`),
  ADD KEY `fk_sucursales_idx` (`sucursal_id`);

--
-- Indices de la tabla `calidades`
--
ALTER TABLE `calidades`
  ADD PRIMARY KEY (`id`),
  ADD UNIQUE KEY `nombre_UNIQUE` (`nombre`);

--
-- Indices de la tabla `categorias`
--
ALTER TABLE `categorias`
  ADD PRIMARY KEY (`id`),
  ADD UNIQUE KEY `nombre_UNIQUE` (`nombre`);

--
-- Indices de la tabla `clientes`
--
ALTER TABLE `clientes`
  ADD PRIMARY KEY (`id`),
  ADD UNIQUE KEY `cedula_UNIQUE` (`cedula`);

--
-- Indices de la tabla `cobros`
--
ALTER TABLE `cobros`
  ADD PRIMARY KEY (`id`),
  ADD KEY `fl_cuenta_cobrar_idx` (`cuenta_cobrar_id`);

--
-- Indices de la tabla `compatibilidades`
--
ALTER TABLE `compatibilidades`
  ADD PRIMARY KEY (`id`),
  ADD KEY `fk_modelos_idx` (`modelo_id`),
  ADD KEY `fk_productos_idx` (`producto_id`);

--
-- Indices de la tabla `compras`
--
ALTER TABLE `compras`
  ADD PRIMARY KEY (`id`),
  ADD KEY `fk_proveedor_idx` (`proveedor_id`),
  ADD KEY `fk_comprobante_idx` (`comprobante_id`),
  ADD KEY `fk_sucursal_compra_idx` (`sucursal_id`);

--
-- Indices de la tabla `comprobantes`
--
ALTER TABLE `comprobantes`
  ADD PRIMARY KEY (`id`),
  ADD UNIQUE KEY `nombre_UNIQUE` (`nombre`);

--
-- Indices de la tabla `comprobante_sucursal`
--
ALTER TABLE `comprobante_sucursal`
  ADD PRIMARY KEY (`id`),
  ADD KEY `fk_sucursal_idx` (`sucursal_id`),
  ADD KEY `fk_comprobante_idx` (`comprobante_id`);

--
-- Indices de la tabla `correos`
--
ALTER TABLE `correos`
  ADD PRIMARY KEY (`id`),
  ADD KEY `fk_sucursal_idx` (`sucursal_id`);

--
-- Indices de la tabla `cuentas_cobrar`
--
ALTER TABLE `cuentas_cobrar`
  ADD PRIMARY KEY (`id`),
  ADD KEY `fk_venta_idx` (`venta_id`);

--
-- Indices de la tabla `cuentas_pagar`
--
ALTER TABLE `cuentas_pagar`
  ADD PRIMARY KEY (`id`),
  ADD KEY `fk_compra_idx` (`compra_id`);

--
-- Indices de la tabla `detalle_compra`
--
ALTER TABLE `detalle_compra`
  ADD PRIMARY KEY (`id`),
  ADD KEY `fk_compra_idx` (`compra_id`),
  ADD KEY `fk_producto_idx` (`producto_id`);

--
-- Indices de la tabla `detalle_venta`
--
ALTER TABLE `detalle_venta`
  ADD PRIMARY KEY (`id`),
  ADD KEY `fk_venta_idx` (`venta_id`),
  ADD KEY `fk_producto_idx` (`producto_id`);

--
-- Indices de la tabla `devoluciones`
--
ALTER TABLE `devoluciones`
  ADD PRIMARY KEY (`id`),
  ADD KEY `fk_devolucion_venta_idx` (`venta_id`),
  ADD KEY `fk_devolucion_usuario_idx` (`usuario_id`),
  ADD KEY `fk_devolucion_sucursal_idx` (`sucursal_id`),
  ADD KEY `fk_devolucion_bodega_idx` (`bodega_id`);

--
-- Indices de la tabla `devoluciones_productos`
--
ALTER TABLE `devoluciones_productos`
  ADD PRIMARY KEY (`id`),
  ADD KEY `fk_devolucion_idx` (`devolucion_id`),
  ADD KEY `fk_devolucion_producto_idx` (`producto_id`);

--
-- Indices de la tabla `fabricantes`
--
ALTER TABLE `fabricantes`
  ADD PRIMARY KEY (`id`),
  ADD UNIQUE KEY `nombre_UNIQUE` (`nombre`);

--
-- Indices de la tabla `gastos`
--
ALTER TABLE `gastos`
  ADD PRIMARY KEY (`id`),
  ADD KEY `fk_usuario_id_idx` (`usuario_id`),
  ADD KEY `fk_sucursal_id_idx` (`sucursal_id`),
  ADD KEY `fk_caja_id_idx` (`caja_id`);

--
-- Indices de la tabla `marcas`
--
ALTER TABLE `marcas`
  ADD PRIMARY KEY (`id`),
  ADD UNIQUE KEY `nombre_UNIQUE` (`nombre`);

--
-- Indices de la tabla `menus`
--
ALTER TABLE `menus`
  ADD PRIMARY KEY (`id`),
  ADD UNIQUE KEY `nombre_UNIQUE` (`nombre`);

--
-- Indices de la tabla `modelos`
--
ALTER TABLE `modelos`
  ADD PRIMARY KEY (`id`),
  ADD UNIQUE KEY `nombre_UNIQUE` (`nombre`);

--
-- Indices de la tabla `pagos`
--
ALTER TABLE `pagos`
  ADD PRIMARY KEY (`id`),
  ADD KEY `fk_cuenta_pagar_idx` (`cuenta_pagar_id`);

--
-- Indices de la tabla `permisos`
--
ALTER TABLE `permisos`
  ADD PRIMARY KEY (`id`),
  ADD KEY `fk_menu_idx` (`menu_id`),
  ADD KEY `fk_rol_idx` (`rol_id`);

--
-- Indices de la tabla `precios`
--
ALTER TABLE `precios`
  ADD PRIMARY KEY (`id`),
  ADD UNIQUE KEY `nombre_UNIQUE` (`nombre`);

--
-- Indices de la tabla `presentaciones`
--
ALTER TABLE `presentaciones`
  ADD PRIMARY KEY (`id`),
  ADD UNIQUE KEY `nombre_UNIQUE` (`nombre`);

--
-- Indices de la tabla `productos`
--
ALTER TABLE `productos`
  ADD PRIMARY KEY (`id`),
  ADD KEY `fk_producto_fabricante_idx` (`fabricante_id`),
  ADD KEY `fk_producto_modelo_idx` (`modelo_id`),
  ADD KEY `fk_producto_calidad_idx` (`calidad_id`),
  ADD KEY `fk_producto_categoria_idx` (`categoria_id`),
  ADD KEY `fk_producto_subcategoria_idx` (`subcategoria_id`),
  ADD KEY `fk_producto_marca_idx` (`marca_id`),
  ADD KEY `fk_producto_año_idx` (`year_id`),
  ADD KEY `fk_producto_presentacion_idx` (`presentacion_id`);

--
-- Indices de la tabla `productos_asociados`
--
ALTER TABLE `productos_asociados`
  ADD PRIMARY KEY (`id`),
  ADD KEY `fk_producto_original_idx` (`producto_original`),
  ADD KEY `fk_producto_asociado_idx` (`producto_asociado`);

--
-- Indices de la tabla `producto_precio`
--
ALTER TABLE `producto_precio`
  ADD PRIMARY KEY (`id`),
  ADD KEY `fk_presentacion_idx` (`precio_id`),
  ADD KEY `fk_producto_idx` (`producto_id`);

--
-- Indices de la tabla `proveedores`
--
ALTER TABLE `proveedores`
  ADD PRIMARY KEY (`id`),
  ADD UNIQUE KEY `nit_UNIQUE` (`nit`);

--
-- Indices de la tabla `roles`
--
ALTER TABLE `roles`
  ADD PRIMARY KEY (`id`),
  ADD UNIQUE KEY `nombre_UNIQUE` (`nombre`);

--
-- Indices de la tabla `subcategorias`
--
ALTER TABLE `subcategorias`
  ADD PRIMARY KEY (`id`),
  ADD UNIQUE KEY `nombre_UNIQUE` (`nombre`),
  ADD KEY `fk_subcategoria_categoria_idx` (`categoria_id`);

--
-- Indices de la tabla `sucursales`
--
ALTER TABLE `sucursales`
  ADD PRIMARY KEY (`id`),
  ADD UNIQUE KEY `nombre_UNIQUE` (`nombre`);

--
-- Indices de la tabla `tarjetas`
--
ALTER TABLE `tarjetas`
  ADD PRIMARY KEY (`id`);

--
-- Indices de la tabla `traslados`
--
ALTER TABLE `traslados`
  ADD PRIMARY KEY (`id`),
  ADD KEY `fk_sucursal_envia_idx` (`sucursal_envio`),
  ADD KEY `fk_bodega_envia_idx` (`bodega_envio`),
  ADD KEY `fk_sucursal_recibe_idx` (`sucursal_recibe`),
  ADD KEY `fk_bodega_recibe_idx` (`bodega_recibe`),
  ADD KEY `fk_usuario_traslado_idx` (`usuario_id`);

--
-- Indices de la tabla `traslados_productos`
--
ALTER TABLE `traslados_productos`
  ADD PRIMARY KEY (`id`),
  ADD KEY `fk_traslado_producto_idx` (`producto_id`),
  ADD KEY `fk_traslado_idx` (`traslado_id`);

--
-- Indices de la tabla `usuarios`
--
ALTER TABLE `usuarios`
  ADD PRIMARY KEY (`id`),
  ADD UNIQUE KEY `username_UNIQUE` (`username`),
  ADD UNIQUE KEY `email_UNIQUE` (`email`),
  ADD KEY `fk_rol_idx` (`rol_id`),
  ADD KEY `fk_sucursal_idx` (`sucursal_id`);

--
-- Indices de la tabla `ventas`
--
ALTER TABLE `ventas`
  ADD PRIMARY KEY (`id`),
  ADD KEY `fk_comprobante_idx` (`comprobante_id`),
  ADD KEY `fk_cliente_idx` (`cliente_id`),
  ADD KEY `fk_caja_idx` (`caja_id`),
  ADD KEY `fk_bodega_venta_idx` (`bodega_id`),
  ADD KEY `fk_sucursal_venta_idx` (`sucursal_id`);

--
-- Indices de la tabla `years`
--
ALTER TABLE `years`
  ADD PRIMARY KEY (`id`),
  ADD UNIQUE KEY `año_UNIQUE` (`year`);

--
-- AUTO_INCREMENT de las tablas volcadas
--

--
-- AUTO_INCREMENT de la tabla `ajustes`
--
ALTER TABLE `ajustes`
  MODIFY `id` int(11) NOT NULL AUTO_INCREMENT, AUTO_INCREMENT=24;

--
-- AUTO_INCREMENT de la tabla `ajustes_productos`
--
ALTER TABLE `ajustes_productos`
  MODIFY `id` int(11) NOT NULL AUTO_INCREMENT, AUTO_INCREMENT=4252;

--
-- AUTO_INCREMENT de la tabla `bodegas`
--
ALTER TABLE `bodegas`
  MODIFY `id` int(11) NOT NULL AUTO_INCREMENT, AUTO_INCREMENT=5;

--
-- AUTO_INCREMENT de la tabla `bodega_sucursal`
--
ALTER TABLE `bodega_sucursal`
  MODIFY `id` int(11) NOT NULL AUTO_INCREMENT, AUTO_INCREMENT=9;

--
-- AUTO_INCREMENT de la tabla `bodega_sucursal_producto`
--
ALTER TABLE `bodega_sucursal_producto`
  MODIFY `id` int(11) NOT NULL AUTO_INCREMENT, AUTO_INCREMENT=410;

--
-- AUTO_INCREMENT de la tabla `caja`
--
ALTER TABLE `caja`
  MODIFY `id` int(11) NOT NULL AUTO_INCREMENT, AUTO_INCREMENT=6;

--
-- AUTO_INCREMENT de la tabla `calidades`
--
ALTER TABLE `calidades`
  MODIFY `id` int(11) NOT NULL AUTO_INCREMENT, AUTO_INCREMENT=5;

--
-- AUTO_INCREMENT de la tabla `categorias`
--
ALTER TABLE `categorias`
  MODIFY `id` int(11) NOT NULL AUTO_INCREMENT, AUTO_INCREMENT=3;

--
-- AUTO_INCREMENT de la tabla `clientes`
--
ALTER TABLE `clientes`
  MODIFY `id` int(11) NOT NULL AUTO_INCREMENT, AUTO_INCREMENT=3;

--
-- AUTO_INCREMENT de la tabla `cobros`
--
ALTER TABLE `cobros`
  MODIFY `id` int(11) NOT NULL AUTO_INCREMENT, AUTO_INCREMENT=2;

--
-- AUTO_INCREMENT de la tabla `compatibilidades`
--
ALTER TABLE `compatibilidades`
  MODIFY `id` int(11) NOT NULL AUTO_INCREMENT, AUTO_INCREMENT=43;

--
-- AUTO_INCREMENT de la tabla `compras`
--
ALTER TABLE `compras`
  MODIFY `id` int(11) NOT NULL AUTO_INCREMENT, AUTO_INCREMENT=8;

--
-- AUTO_INCREMENT de la tabla `comprobantes`
--
ALTER TABLE `comprobantes`
  MODIFY `id` int(11) NOT NULL AUTO_INCREMENT, AUTO_INCREMENT=4;

--
-- AUTO_INCREMENT de la tabla `comprobante_sucursal`
--
ALTER TABLE `comprobante_sucursal`
  MODIFY `id` int(11) NOT NULL AUTO_INCREMENT, AUTO_INCREMENT=8;

--
-- AUTO_INCREMENT de la tabla `correos`
--
ALTER TABLE `correos`
  MODIFY `id` int(11) NOT NULL AUTO_INCREMENT;

--
-- AUTO_INCREMENT de la tabla `cuentas_cobrar`
--
ALTER TABLE `cuentas_cobrar`
  MODIFY `id` int(11) NOT NULL AUTO_INCREMENT, AUTO_INCREMENT=2;

--
-- AUTO_INCREMENT de la tabla `cuentas_pagar`
--
ALTER TABLE `cuentas_pagar`
  MODIFY `id` int(11) NOT NULL AUTO_INCREMENT, AUTO_INCREMENT=2;

--
-- AUTO_INCREMENT de la tabla `detalle_compra`
--
ALTER TABLE `detalle_compra`
  MODIFY `id` int(11) NOT NULL AUTO_INCREMENT, AUTO_INCREMENT=19;

--
-- AUTO_INCREMENT de la tabla `detalle_venta`
--
ALTER TABLE `detalle_venta`
  MODIFY `id` int(11) NOT NULL AUTO_INCREMENT, AUTO_INCREMENT=9;

--
-- AUTO_INCREMENT de la tabla `devoluciones`
--
ALTER TABLE `devoluciones`
  MODIFY `id` int(11) NOT NULL AUTO_INCREMENT, AUTO_INCREMENT=4;

--
-- AUTO_INCREMENT de la tabla `devoluciones_productos`
--
ALTER TABLE `devoluciones_productos`
  MODIFY `id` int(11) NOT NULL AUTO_INCREMENT, AUTO_INCREMENT=4;

--
-- AUTO_INCREMENT de la tabla `fabricantes`
--
ALTER TABLE `fabricantes`
  MODIFY `id` int(11) NOT NULL AUTO_INCREMENT, AUTO_INCREMENT=13;

--
-- AUTO_INCREMENT de la tabla `gastos`
--
ALTER TABLE `gastos`
  MODIFY `id` int(11) NOT NULL AUTO_INCREMENT;

--
-- AUTO_INCREMENT de la tabla `marcas`
--
ALTER TABLE `marcas`
  MODIFY `id` int(11) NOT NULL AUTO_INCREMENT, AUTO_INCREMENT=4;

--
-- AUTO_INCREMENT de la tabla `menus`
--
ALTER TABLE `menus`
  MODIFY `id` int(11) NOT NULL AUTO_INCREMENT, AUTO_INCREMENT=47;

--
-- AUTO_INCREMENT de la tabla `modelos`
--
ALTER TABLE `modelos`
  MODIFY `id` int(11) NOT NULL AUTO_INCREMENT, AUTO_INCREMENT=19;

--
-- AUTO_INCREMENT de la tabla `pagos`
--
ALTER TABLE `pagos`
  MODIFY `id` int(11) NOT NULL AUTO_INCREMENT, AUTO_INCREMENT=2;

--
-- AUTO_INCREMENT de la tabla `permisos`
--
ALTER TABLE `permisos`
  MODIFY `id` int(11) NOT NULL AUTO_INCREMENT, AUTO_INCREMENT=60;

--
-- AUTO_INCREMENT de la tabla `precios`
--
ALTER TABLE `precios`
  MODIFY `id` int(11) NOT NULL AUTO_INCREMENT, AUTO_INCREMENT=7;

--
-- AUTO_INCREMENT de la tabla `presentaciones`
--
ALTER TABLE `presentaciones`
  MODIFY `id` int(11) NOT NULL AUTO_INCREMENT, AUTO_INCREMENT=5;

--
-- AUTO_INCREMENT de la tabla `productos`
--
ALTER TABLE `productos`
  MODIFY `id` int(11) NOT NULL AUTO_INCREMENT, AUTO_INCREMENT=421;

--
-- AUTO_INCREMENT de la tabla `productos_asociados`
--
ALTER TABLE `productos_asociados`
  MODIFY `id` int(11) NOT NULL AUTO_INCREMENT;

--
-- AUTO_INCREMENT de la tabla `producto_precio`
--
ALTER TABLE `producto_precio`
  MODIFY `id` int(11) NOT NULL AUTO_INCREMENT, AUTO_INCREMENT=554;

--
-- AUTO_INCREMENT de la tabla `proveedores`
--
ALTER TABLE `proveedores`
  MODIFY `id` int(11) NOT NULL AUTO_INCREMENT, AUTO_INCREMENT=2;

--
-- AUTO_INCREMENT de la tabla `roles`
--
ALTER TABLE `roles`
  MODIFY `id` int(11) NOT NULL AUTO_INCREMENT, AUTO_INCREMENT=4;

--
-- AUTO_INCREMENT de la tabla `subcategorias`
--
ALTER TABLE `subcategorias`
  MODIFY `id` int(11) NOT NULL AUTO_INCREMENT, AUTO_INCREMENT=11;

--
-- AUTO_INCREMENT de la tabla `sucursales`
--
ALTER TABLE `sucursales`
  MODIFY `id` int(11) NOT NULL AUTO_INCREMENT, AUTO_INCREMENT=4;

--
-- AUTO_INCREMENT de la tabla `tarjetas`
--
ALTER TABLE `tarjetas`
  MODIFY `id` int(11) NOT NULL AUTO_INCREMENT, AUTO_INCREMENT=3;

--
-- AUTO_INCREMENT de la tabla `traslados`
--
ALTER TABLE `traslados`
  MODIFY `id` int(11) NOT NULL AUTO_INCREMENT, AUTO_INCREMENT=7;

--
-- AUTO_INCREMENT de la tabla `traslados_productos`
--
ALTER TABLE `traslados_productos`
  MODIFY `id` int(11) NOT NULL AUTO_INCREMENT, AUTO_INCREMENT=4;

--
-- AUTO_INCREMENT de la tabla `usuarios`
--
ALTER TABLE `usuarios`
  MODIFY `id` int(11) NOT NULL AUTO_INCREMENT, AUTO_INCREMENT=8;

--
-- AUTO_INCREMENT de la tabla `ventas`
--
ALTER TABLE `ventas`
  MODIFY `id` int(11) NOT NULL AUTO_INCREMENT, AUTO_INCREMENT=9;

--
-- AUTO_INCREMENT de la tabla `years`
--
ALTER TABLE `years`
  MODIFY `id` int(11) NOT NULL AUTO_INCREMENT, AUTO_INCREMENT=42;

--
-- Restricciones para tablas volcadas
--

--
-- Filtros para la tabla `ajustes`
--
ALTER TABLE `ajustes`
  ADD CONSTRAINT `fk_ajuste_bodega` FOREIGN KEY (`bodega_id`) REFERENCES `bodegas` (`id`) ON DELETE NO ACTION ON UPDATE NO ACTION,
  ADD CONSTRAINT `fk_ajuste_sucursal` FOREIGN KEY (`sucursal_id`) REFERENCES `sucursales` (`id`) ON DELETE NO ACTION ON UPDATE NO ACTION,
  ADD CONSTRAINT `fk_ajuste_usuario` FOREIGN KEY (`usuario_id`) REFERENCES `usuarios` (`id`) ON DELETE NO ACTION ON UPDATE NO ACTION;

--
-- Filtros para la tabla `ajustes_productos`
--
ALTER TABLE `ajustes_productos`
  ADD CONSTRAINT `fk_ajuste` FOREIGN KEY (`ajuste_id`) REFERENCES `ajustes` (`id`) ON DELETE NO ACTION ON UPDATE NO ACTION,
  ADD CONSTRAINT `fk_ajuste_producto` FOREIGN KEY (`producto_id`) REFERENCES `productos` (`id`) ON DELETE NO ACTION ON UPDATE NO ACTION;

--
-- Filtros para la tabla `bodega_sucursal`
--
ALTER TABLE `bodega_sucursal`
  ADD CONSTRAINT `fk_bodega` FOREIGN KEY (`bodega_id`) REFERENCES `bodegas` (`id`) ON DELETE NO ACTION ON UPDATE NO ACTION,
  ADD CONSTRAINT `fk_sucursal` FOREIGN KEY (`sucursal_id`) REFERENCES `sucursales` (`id`) ON DELETE NO ACTION ON UPDATE NO ACTION;

--
-- Filtros para la tabla `bodega_sucursal_producto`
--
ALTER TABLE `bodega_sucursal_producto`
  ADD CONSTRAINT `fk_bodega_sb` FOREIGN KEY (`bodega_id`) REFERENCES `bodegas` (`id`) ON DELETE NO ACTION ON UPDATE NO ACTION,
  ADD CONSTRAINT `fk_producto_sb` FOREIGN KEY (`producto_id`) REFERENCES `productos` (`id`) ON DELETE NO ACTION ON UPDATE NO ACTION,
  ADD CONSTRAINT `fk_sucursal_sb` FOREIGN KEY (`sucursal_id`) REFERENCES `sucursales` (`id`) ON DELETE NO ACTION ON UPDATE NO ACTION;

--
-- Filtros para la tabla `caja`
--
ALTER TABLE `caja`
  ADD CONSTRAINT `fk_sucursales` FOREIGN KEY (`sucursal_id`) REFERENCES `sucursales` (`id`) ON DELETE NO ACTION ON UPDATE NO ACTION,
  ADD CONSTRAINT `fk_usuario` FOREIGN KEY (`usuario_id`) REFERENCES `usuarios` (`id`) ON DELETE NO ACTION ON UPDATE NO ACTION;

--
-- Filtros para la tabla `cobros`
--
ALTER TABLE `cobros`
  ADD CONSTRAINT `fl_cuenta_cobrar` FOREIGN KEY (`cuenta_cobrar_id`) REFERENCES `cuentas_cobrar` (`id`) ON DELETE NO ACTION ON UPDATE NO ACTION;

--
-- Filtros para la tabla `compatibilidades`
--
ALTER TABLE `compatibilidades`
  ADD CONSTRAINT `fk_modelos` FOREIGN KEY (`modelo_id`) REFERENCES `modelos` (`id`) ON DELETE NO ACTION ON UPDATE NO ACTION,
  ADD CONSTRAINT `fk_productos` FOREIGN KEY (`producto_id`) REFERENCES `productos` (`id`) ON DELETE NO ACTION ON UPDATE NO ACTION;

--
-- Filtros para la tabla `compras`
--
ALTER TABLE `compras`
  ADD CONSTRAINT `fk_comprobante_compra` FOREIGN KEY (`comprobante_id`) REFERENCES `comprobantes` (`id`) ON DELETE NO ACTION ON UPDATE NO ACTION,
  ADD CONSTRAINT `fk_proveedor` FOREIGN KEY (`proveedor_id`) REFERENCES `proveedores` (`id`) ON DELETE NO ACTION ON UPDATE NO ACTION,
  ADD CONSTRAINT `fk_sucursal_compra` FOREIGN KEY (`sucursal_id`) REFERENCES `sucursales` (`id`) ON DELETE NO ACTION ON UPDATE NO ACTION;

--
-- Filtros para la tabla `comprobante_sucursal`
--
ALTER TABLE `comprobante_sucursal`
  ADD CONSTRAINT `fk_comprobantes` FOREIGN KEY (`comprobante_id`) REFERENCES `comprobantes` (`id`) ON DELETE NO ACTION ON UPDATE NO ACTION,
  ADD CONSTRAINT `fk_sucursal_comprobante` FOREIGN KEY (`sucursal_id`) REFERENCES `sucursales` (`id`) ON DELETE NO ACTION ON UPDATE NO ACTION;

--
-- Filtros para la tabla `correos`
--
ALTER TABLE `correos`
  ADD CONSTRAINT `fk_sucursal_correo` FOREIGN KEY (`sucursal_id`) REFERENCES `sucursales` (`id`) ON DELETE NO ACTION ON UPDATE NO ACTION;

--
-- Filtros para la tabla `cuentas_cobrar`
--
ALTER TABLE `cuentas_cobrar`
  ADD CONSTRAINT `fk_venta` FOREIGN KEY (`venta_id`) REFERENCES `ventas` (`id`) ON DELETE NO ACTION ON UPDATE NO ACTION;

--
-- Filtros para la tabla `cuentas_pagar`
--
ALTER TABLE `cuentas_pagar`
  ADD CONSTRAINT `fk_compra` FOREIGN KEY (`compra_id`) REFERENCES `compras` (`id`) ON DELETE NO ACTION ON UPDATE NO ACTION;

--
-- Filtros para la tabla `detalle_compra`
--
ALTER TABLE `detalle_compra`
  ADD CONSTRAINT `fk_compra_detalle` FOREIGN KEY (`compra_id`) REFERENCES `compras` (`id`) ON DELETE NO ACTION ON UPDATE NO ACTION,
  ADD CONSTRAINT `fk_producto_detallec` FOREIGN KEY (`producto_id`) REFERENCES `productos` (`id`) ON DELETE NO ACTION ON UPDATE NO ACTION;

--
-- Filtros para la tabla `detalle_venta`
--
ALTER TABLE `detalle_venta`
  ADD CONSTRAINT `fk_producto_detalle` FOREIGN KEY (`producto_id`) REFERENCES `productos` (`id`) ON DELETE NO ACTION ON UPDATE NO ACTION,
  ADD CONSTRAINT `fk_venta_detalle` FOREIGN KEY (`venta_id`) REFERENCES `ventas` (`id`) ON DELETE NO ACTION ON UPDATE NO ACTION;

--
-- Filtros para la tabla `devoluciones`
--
ALTER TABLE `devoluciones`
  ADD CONSTRAINT `fk_devolucion_bodega` FOREIGN KEY (`bodega_id`) REFERENCES `bodegas` (`id`) ON DELETE NO ACTION ON UPDATE NO ACTION,
  ADD CONSTRAINT `fk_devolucion_sucursal` FOREIGN KEY (`sucursal_id`) REFERENCES `sucursales` (`id`) ON DELETE NO ACTION ON UPDATE NO ACTION,
  ADD CONSTRAINT `fk_devolucion_usuario` FOREIGN KEY (`usuario_id`) REFERENCES `usuarios` (`id`) ON DELETE NO ACTION ON UPDATE NO ACTION,
  ADD CONSTRAINT `fk_devolucion_venta` FOREIGN KEY (`venta_id`) REFERENCES `ventas` (`id`) ON DELETE NO ACTION ON UPDATE NO ACTION;

--
-- Filtros para la tabla `devoluciones_productos`
--
ALTER TABLE `devoluciones_productos`
  ADD CONSTRAINT `fk_devolucion` FOREIGN KEY (`devolucion_id`) REFERENCES `devoluciones` (`id`) ON DELETE NO ACTION ON UPDATE NO ACTION,
  ADD CONSTRAINT `fk_devolucion_producto` FOREIGN KEY (`producto_id`) REFERENCES `productos` (`id`) ON DELETE NO ACTION ON UPDATE NO ACTION;

--
-- Filtros para la tabla `gastos`
--
ALTER TABLE `gastos`
  ADD CONSTRAINT `fk_caja_id` FOREIGN KEY (`caja_id`) REFERENCES `caja` (`id`) ON DELETE NO ACTION ON UPDATE NO ACTION,
  ADD CONSTRAINT `fk_sucursal_id` FOREIGN KEY (`sucursal_id`) REFERENCES `sucursales` (`id`) ON DELETE NO ACTION ON UPDATE NO ACTION,
  ADD CONSTRAINT `fk_usuario_id` FOREIGN KEY (`usuario_id`) REFERENCES `usuarios` (`id`) ON DELETE NO ACTION ON UPDATE NO ACTION;

--
-- Filtros para la tabla `pagos`
--
ALTER TABLE `pagos`
  ADD CONSTRAINT `fk_cuenta_pagar` FOREIGN KEY (`cuenta_pagar_id`) REFERENCES `cuentas_pagar` (`id`) ON DELETE NO ACTION ON UPDATE NO ACTION;

--
-- Filtros para la tabla `permisos`
--
ALTER TABLE `permisos`
  ADD CONSTRAINT `fk_menu` FOREIGN KEY (`menu_id`) REFERENCES `menus` (`id`) ON DELETE NO ACTION ON UPDATE NO ACTION,
  ADD CONSTRAINT `fk_rol_permiso` FOREIGN KEY (`rol_id`) REFERENCES `roles` (`id`) ON DELETE NO ACTION ON UPDATE NO ACTION;

--
-- Filtros para la tabla `productos`
--
ALTER TABLE `productos`
  ADD CONSTRAINT `fk_producto_año` FOREIGN KEY (`year_id`) REFERENCES `years` (`id`) ON DELETE NO ACTION ON UPDATE NO ACTION,
  ADD CONSTRAINT `fk_producto_calidad` FOREIGN KEY (`calidad_id`) REFERENCES `calidades` (`id`) ON DELETE NO ACTION ON UPDATE NO ACTION,
  ADD CONSTRAINT `fk_producto_categoria` FOREIGN KEY (`categoria_id`) REFERENCES `categorias` (`id`) ON DELETE NO ACTION ON UPDATE NO ACTION,
  ADD CONSTRAINT `fk_producto_fabricante` FOREIGN KEY (`fabricante_id`) REFERENCES `fabricantes` (`id`) ON DELETE NO ACTION ON UPDATE NO ACTION,
  ADD CONSTRAINT `fk_producto_marca` FOREIGN KEY (`marca_id`) REFERENCES `marcas` (`id`) ON DELETE NO ACTION ON UPDATE NO ACTION,
  ADD CONSTRAINT `fk_producto_modelo` FOREIGN KEY (`modelo_id`) REFERENCES `modelos` (`id`) ON DELETE NO ACTION ON UPDATE NO ACTION,
  ADD CONSTRAINT `fk_producto_presentacion` FOREIGN KEY (`presentacion_id`) REFERENCES `presentaciones` (`id`) ON DELETE NO ACTION ON UPDATE NO ACTION,
  ADD CONSTRAINT `fk_producto_subcategoria` FOREIGN KEY (`subcategoria_id`) REFERENCES `subcategorias` (`id`) ON DELETE NO ACTION ON UPDATE NO ACTION;

--
-- Filtros para la tabla `productos_asociados`
--
ALTER TABLE `productos_asociados`
  ADD CONSTRAINT `fk_producto_asociado` FOREIGN KEY (`producto_asociado`) REFERENCES `productos` (`id`) ON DELETE NO ACTION ON UPDATE NO ACTION,
  ADD CONSTRAINT `fk_producto_original` FOREIGN KEY (`producto_original`) REFERENCES `productos` (`id`) ON DELETE NO ACTION ON UPDATE NO ACTION;

--
-- Filtros para la tabla `producto_precio`
--
ALTER TABLE `producto_precio`
  ADD CONSTRAINT `fk_precio_producto` FOREIGN KEY (`precio_id`) REFERENCES `precios` (`id`) ON DELETE NO ACTION ON UPDATE NO ACTION,
  ADD CONSTRAINT `fk_producto_precio` FOREIGN KEY (`producto_id`) REFERENCES `productos` (`id`) ON DELETE NO ACTION ON UPDATE NO ACTION;

--
-- Filtros para la tabla `subcategorias`
--
ALTER TABLE `subcategorias`
  ADD CONSTRAINT `fk_subcategoria_categoria` FOREIGN KEY (`categoria_id`) REFERENCES `categorias` (`id`) ON DELETE NO ACTION ON UPDATE NO ACTION;

--
-- Filtros para la tabla `traslados`
--
ALTER TABLE `traslados`
  ADD CONSTRAINT `fk_bodega_envia` FOREIGN KEY (`bodega_envio`) REFERENCES `bodegas` (`id`) ON DELETE NO ACTION ON UPDATE NO ACTION,
  ADD CONSTRAINT `fk_bodega_recibe` FOREIGN KEY (`bodega_recibe`) REFERENCES `bodegas` (`id`) ON DELETE NO ACTION ON UPDATE NO ACTION,
  ADD CONSTRAINT `fk_sucursal_envia` FOREIGN KEY (`sucursal_envio`) REFERENCES `sucursales` (`id`) ON DELETE NO ACTION ON UPDATE NO ACTION,
  ADD CONSTRAINT `fk_sucursal_recibe` FOREIGN KEY (`sucursal_recibe`) REFERENCES `sucursales` (`id`) ON DELETE NO ACTION ON UPDATE NO ACTION,
  ADD CONSTRAINT `fk_usuario_traslado` FOREIGN KEY (`usuario_id`) REFERENCES `usuarios` (`id`) ON DELETE NO ACTION ON UPDATE NO ACTION;

--
-- Filtros para la tabla `traslados_productos`
--
ALTER TABLE `traslados_productos`
  ADD CONSTRAINT `fk_traslado` FOREIGN KEY (`traslado_id`) REFERENCES `traslados` (`id`) ON DELETE NO ACTION ON UPDATE NO ACTION,
  ADD CONSTRAINT `fk_traslado_producto` FOREIGN KEY (`producto_id`) REFERENCES `productos` (`id`) ON DELETE NO ACTION ON UPDATE NO ACTION;

--
-- Filtros para la tabla `usuarios`
--
ALTER TABLE `usuarios`
  ADD CONSTRAINT `fk_rol` FOREIGN KEY (`rol_id`) REFERENCES `roles` (`id`) ON DELETE NO ACTION ON UPDATE NO ACTION,
  ADD CONSTRAINT `fk_sucursal_usuario` FOREIGN KEY (`sucursal_id`) REFERENCES `sucursales` (`id`) ON DELETE NO ACTION ON UPDATE NO ACTION;

--
-- Filtros para la tabla `ventas`
--
ALTER TABLE `ventas`
  ADD CONSTRAINT `fk_bodega_venta` FOREIGN KEY (`bodega_id`) REFERENCES `bodegas` (`id`) ON DELETE NO ACTION ON UPDATE NO ACTION,
  ADD CONSTRAINT `fk_caja_venta` FOREIGN KEY (`caja_id`) REFERENCES `caja` (`id`) ON DELETE NO ACTION ON UPDATE NO ACTION,
  ADD CONSTRAINT `fk_cliente_venta` FOREIGN KEY (`cliente_id`) REFERENCES `clientes` (`id`) ON DELETE NO ACTION ON UPDATE NO ACTION,
  ADD CONSTRAINT `fk_comprobante_venta` FOREIGN KEY (`comprobante_id`) REFERENCES `comprobantes` (`id`) ON DELETE NO ACTION ON UPDATE NO ACTION,
  ADD CONSTRAINT `fk_sucursal_venta` FOREIGN KEY (`sucursal_id`) REFERENCES `sucursales` (`id`) ON DELETE NO ACTION ON UPDATE NO ACTION;
COMMIT;

/*!40101 SET CHARACTER_SET_CLIENT=@OLD_CHARACTER_SET_CLIENT */;
/*!40101 SET CHARACTER_SET_RESULTS=@OLD_CHARACTER_SET_RESULTS */;
/*!40101 SET COLLATION_CONNECTION=@OLD_COLLATION_CONNECTION */;
